Insert Into can_teach_ensemble (value) Values ('true');  
Insert Into can_teach_ensemble (value) Values ('false');  

Insert Into instrument_type (type) Values ('piano');  
Insert Into instrument_type (type) Values ('trumpet');  
Insert Into instrument_type (type) Values ('guitar');


Insert Into genre (name) Values ('jazz');  
Insert Into genre (name) Values ('rock');  
Insert Into genre (name) Values ('blues');  

Insert Into brand (name) Values ('roland');  
Insert Into brand (name) Values ('fender');  
Insert Into brand (name) Values ('steinway');  
Insert Into brand (name) Values ('gibson');  
Insert Into brand (name) Values ('yamaha');  

Insert Into contact_person (first_name, last_name, phone_number) Values ('Alfredo', 'Daniel', '+1 (278) 533-5839');  
Insert Into contact_person (first_name, last_name, phone_number) Values ('Kurt', 'Schaden', '+1 (323) 120-7626');  
Insert Into contact_person (first_name, last_name, phone_number) Values ('Alexandra', 'Beer', '+1 (288) 777-0230');  
Insert Into contact_person (first_name, last_name, phone_number) Values ('Kathy', 'Feest', '+1 (807) 872-0358');  
Insert Into contact_person (first_name, last_name, phone_number) Values ('Carmen', 'Morar', '+1 (693) 216-7079');  
Insert Into contact_person (first_name, last_name, phone_number) Values ('Debra', 'Hyatt', '+1 (708) 998-0556');  
Insert Into contact_person (first_name, last_name, phone_number) Values ('Arnold', 'Schmidt', '+1 (997) 691-8828');  
Insert Into contact_person (first_name, last_name, phone_number) Values ('Timmy', 'Goodwin', '+1 (975) 441-2825');  
Insert Into contact_person (first_name, last_name, phone_number) Values ('Elias', 'Marquardt', '+1 (827) 403-5420');  
Insert Into contact_person (first_name, last_name, phone_number) Values ('Antonio', 'Durgan', '+1 (534) 753-8669');  
Insert Into contact_person (first_name, last_name, phone_number) Values ('Marguerite', 'Hessel', '+1 (376) 566-2349');  
Insert Into contact_person (first_name, last_name, phone_number) Values ('Katrina', 'Monahan', '+1 (553) 555-4619');  
Insert Into contact_person (first_name, last_name, phone_number) Values ('Essie', 'Lakin', '+1 (059) 296-5381');  
Insert Into contact_person (first_name, last_name, phone_number) Values ('Simon', 'Pfannerstill', '+1 (742) 007-4301');  
Insert Into contact_person (first_name, last_name, phone_number) Values ('Christie', 'Mohr', '+1 (943) 610-0818');  
Insert Into contact_person (first_name, last_name, phone_number) Values ('Mike', 'Rice', '+1 (748) 313-7117');  
Insert Into contact_person (first_name, last_name, phone_number) Values ('Otis', 'Sanford', '+1 (735) 225-5663');  
Insert Into contact_person (first_name, last_name, phone_number) Values ('Terrance', 'Wiza', '+1 (104) 627-6834');  
Insert Into contact_person (first_name, last_name, phone_number) Values ('Brittany', 'Medhurst', '+1 (245) 238-8588');  
Insert Into contact_person (first_name, last_name, phone_number) Values ('Krista', 'Prohaska', '+1 (368) 586-1759');  
Insert Into contact_person (first_name, last_name, phone_number) Values ('Jody', 'Auer', '+1 (654) 292-0650');  
Insert Into contact_person (first_name, last_name, phone_number) Values ('Lawrence', 'Ledner', '+1 (822) 601-3979');  
Insert Into contact_person (first_name, last_name, phone_number) Values ('Tami', 'Feest', '+1 (837) 091-5425');  
Insert Into contact_person (first_name, last_name, phone_number) Values ('Viola', 'Schmeler', '+1 (832) 373-5719');  
Insert Into contact_person (first_name, last_name, phone_number) Values ('Della', 'Rempel', '+1 (844) 773-9042');  
Insert Into contact_person (first_name, last_name, phone_number) Values ('Troy', 'Cremin', '+1 (024) 684-6531');  
Insert Into contact_person (first_name, last_name, phone_number) Values ('Jerry', 'Balistreri', '+1 (925) 426-5598');  
Insert Into contact_person (first_name, last_name, phone_number) Values ('Annie', 'Dibbert', '+1 (576) 997-9600');  
Insert Into contact_person (first_name, last_name, phone_number) Values ('Dan', 'Turner-Powlowski', '+1 (320) 907-8699');  
Insert Into contact_person (first_name, last_name, phone_number) Values ('Meghan', 'Williamson', '+1 (280) 363-3523');  
Insert Into contact_person (first_name, last_name, phone_number) Values ('Armando', 'Schaden', '+1 (125) 279-0072');  
Insert Into contact_person (first_name, last_name, phone_number) Values ('Felix', 'Brakus', '+1 (851) 430-4425');  
Insert Into contact_person (first_name, last_name, phone_number) Values ('Karen', 'Miller', '+1 (459) 338-2303');  
Insert Into contact_person (first_name, last_name, phone_number) Values ('Shawn', 'Marks', '+1 (600) 235-7972');  
Insert Into contact_person (first_name, last_name, phone_number) Values ('Trevor', 'Rolfson', '+1 (951) 453-1823');  
Insert Into contact_person (first_name, last_name, phone_number) Values ('Brent', 'Moore', '+1 (041) 166-0338');  
Insert Into contact_person (first_name, last_name, phone_number) Values ('Ruth', 'Blick', '+1 (203) 878-6821');  
Insert Into contact_person (first_name, last_name, phone_number) Values ('Tyler', 'Powlowski', '+1 (948) 371-0143');  
Insert Into contact_person (first_name, last_name, phone_number) Values ('Gregg', 'Kiehn', '+1 (739) 033-3366');  
Insert Into contact_person (first_name, last_name, phone_number) Values ('Edwin', 'Hilpert', '+1 (317) 157-3996');  
Insert Into contact_person (first_name, last_name, phone_number) Values ('Dana', 'Kihn', '+1 (748) 243-4870');  
Insert Into contact_person (first_name, last_name, phone_number) Values ('Billy', 'Hand', '+1 (648) 158-6493');  
Insert Into contact_person (first_name, last_name, phone_number) Values ('Winston', 'Senger-Bosco', '+1 (801) 888-5642');  
Insert Into contact_person (first_name, last_name, phone_number) Values ('Nick', 'Collier', '+1 (760) 262-6489');  
Insert Into contact_person (first_name, last_name, phone_number) Values ('Zachary', 'Kautzer', '+1 (852) 570-3638');  
Insert Into contact_person (first_name, last_name, phone_number) Values ('Lillian', 'Bogan', '+1 (998) 744-6147');  
Insert Into contact_person (first_name, last_name, phone_number) Values ('Chelsea', 'Franecki', '+1 (501) 200-9915');  
Insert Into contact_person (first_name, last_name, phone_number) Values ('Leslie', 'Hintz', '+1 (633) 849-8729');  
Insert Into contact_person (first_name, last_name, phone_number) Values ('Mickeal', 'Bradtke', '+1 (396) 578-0763');  
Insert Into contact_person (first_name, last_name, phone_number) Values ('Hugh', 'Klein', '+1 (612) 934-9959');  

Insert Into person (first_name, last_name, person_number, street, zip_code, city) Values ('Stephen', 'Conroy-Hane', 200000000000, '5328 Bosco Skyway', '86281', 'Weimannhaven');  
Insert Into person (first_name, last_name, person_number, street, zip_code, city) Values ('Winifred', 'Jacobs', 200000000001, '18039 Hammes Cliff', '84963', 'South Jenashire');  
Insert Into person (first_name, last_name, person_number, street, zip_code, city) Values ('Loren', 'Schaden', 200000000002, '702 Terry Via', '84128', 'Hodkiewiczside');  
Insert Into person (first_name, last_name, person_number, street, zip_code, city) Values ('Dan', 'Gerhold', 200000000003, '71801 Lavinia Lane', '35503', 'Garthstead');  
Insert Into person (first_name, last_name, person_number, street, zip_code, city) Values ('Kerry', 'Walter', 200000000004, '76324 Cloyd Mills', '29838', 'Fort Keaton');  
Insert Into person (first_name, last_name, person_number, street, zip_code, city) Values ('Hector', 'Rodriguez', 200000000005, '5458 Trey Hill', '60679', 'West Nyachester');  
Insert Into person (first_name, last_name, person_number, street, zip_code, city) Values ('Ernestine', 'Crist', 200000000006, '20690 Halle Rapids', '43986', 'Kulasbury');  
Insert Into person (first_name, last_name, person_number, street, zip_code, city) Values ('Susie', 'Oberbrunner', 200000000007, '911 Howe Valleys', '54170', 'Tracy');  
Insert Into person (first_name, last_name, person_number, street, zip_code, city) Values ('Eva', 'Bins', 200000000008, '599 Rolfson Mountain', '58433', 'Redlands');  
Insert Into person (first_name, last_name, person_number, street, zip_code, city) Values ('Bradley', 'Konopelski', 200000000009, '1497 Berge Highway', '67617', 'Dayneville');  
Insert Into person (first_name, last_name, person_number, street, zip_code, city) Values ('Todd', 'Parker', 200000000010, '3074 Orn Wall', '80707', 'Lake Otis');  
Insert Into person (first_name, last_name, person_number, street, zip_code, city) Values ('Dominic', 'Ondricka', 200000000011, '565 Beer Roads', '95279', 'Port Solon');  
Insert Into person (first_name, last_name, person_number, street, zip_code, city) Values ('Florence', 'Hegmann', 200000000012, '560 Kaleb Rest', '39473', 'Lake Tyreek');  
Insert Into person (first_name, last_name, person_number, street, zip_code, city) Values ('Forrest', 'Murphy', 200000000013, '13234 Clifford Greens', '06877', 'Pittsburg');  
Insert Into person (first_name, last_name, person_number, street, zip_code, city) Values ('Ben', 'Doyle', 200000000014, '57692 Margaretta Parks', '28629', 'Inglewood');  
Insert Into person (first_name, last_name, person_number, street, zip_code, city) Values ('Geneva', 'Pollich', 200000000015, '47670 Giovani Fort', '03366', 'Tamiami');  
Insert Into person (first_name, last_name, person_number, street, zip_code, city) Values ('Edmond', 'Gusikowski-Pouros', 200000000016, '207 Metz Burg', '81870', 'Maybelletown');  
Insert Into person (first_name, last_name, person_number, street, zip_code, city) Values ('Sophia', 'Spinka', 200000000017, '5860 Mann Track', '49177', 'Sedrickside');  
Insert Into person (first_name, last_name, person_number, street, zip_code, city) Values ('Inez', 'Koepp', 200000000018, '7676 Keara Ridge', '35640', 'Port Araceliton');  
Insert Into person (first_name, last_name, person_number, street, zip_code, city) Values ('Rene', 'Ebert', 200000000019, '2514 Mosciski Gateway', '01346', 'Fort Catalina');  
Insert Into person (first_name, last_name, person_number, street, zip_code, city) Values ('Gwen', 'Homenick', 200000000020, '7144 Keely Trail', '54935', 'Bergnaumboro');  
Insert Into person (first_name, last_name, person_number, street, zip_code, city) Values ('Tiffany', 'Davis', 200000000021, '73053 Prohaska Dam', '44453', 'McClurefurt');  
Insert Into person (first_name, last_name, person_number, street, zip_code, city) Values ('Olive', 'Legros', 200000000022, '9737 Andy Ville', '20536', 'Lake Kirstin');  
Insert Into person (first_name, last_name, person_number, street, zip_code, city) Values ('Gina', 'Mayer', 200000000023, '21000 Taryn Union', '15183', 'Juanitafurt');  
Insert Into person (first_name, last_name, person_number, street, zip_code, city) Values ('Elena', 'Champlin', 200000000024, '558 Emerson Junction', '42751', 'Issacstad');  
Insert Into person (first_name, last_name, person_number, street, zip_code, city) Values ('Lucy', 'Barrows-Willms', 200000000025, '157 Ruecker Union', '92211', 'Wolffield');  
Insert Into person (first_name, last_name, person_number, street, zip_code, city) Values ('Eula', 'Dietrich', 200000000026, '32778 Casper Camp', '61325', 'Fishers');  
Insert Into person (first_name, last_name, person_number, street, zip_code, city) Values ('Tommy', 'Bailey-Armstrong', 200000000027, '2286 Shields Ridges', '81457', 'Faustinohaven');  
Insert Into person (first_name, last_name, person_number, street, zip_code, city) Values ('Deborah', 'Rosenbaum', 200000000028, '404 Homenick River', '99367', 'Lake Malloryland');  
Insert Into person (first_name, last_name, person_number, street, zip_code, city) Values ('Leonard', 'Hintz', 200000000029, '97260 Mraz Court', '98797', 'New Concepcionburgh');  
Insert Into person (first_name, last_name, person_number, street, zip_code, city) Values ('Dianna', 'King', 200000000030, '3245 Rowan Terrace', '68694', 'Fritschville');  
Insert Into person (first_name, last_name, person_number, street, zip_code, city) Values ('Carmen', 'Mante', 200000000031, '8908 Jacobi Mall', '83468', 'Tomasberg');  
Insert Into person (first_name, last_name, person_number, street, zip_code, city) Values ('Gerardo', 'Considine', 200000000032, '5978 Funk Crescent', '70953', 'Manchester');  
Insert Into person (first_name, last_name, person_number, street, zip_code, city) Values ('Joyce', 'Connelly', 200000000033, '1066 Lang Plaza', '83845', 'Coleside');  
Insert Into person (first_name, last_name, person_number, street, zip_code, city) Values ('Olivia', 'Muller', 200000000034, '2958 Wilbert Rest', '06879', 'Wilsonside');  
Insert Into person (first_name, last_name, person_number, street, zip_code, city) Values ('Christian', 'Collier', 200000000035, '713 Mack Parkways', '49741', 'New Gudrun');  
Insert Into person (first_name, last_name, person_number, street, zip_code, city) Values ('Felicia', 'Kub', 200000000036, '183 Brent Harbor', '17004', 'Watsicaville');  
Insert Into person (first_name, last_name, person_number, street, zip_code, city) Values ('Janie', 'Miller', 200000000037, '295 Marvin Squares', '71838', 'East Judd');  
Insert Into person (first_name, last_name, person_number, street, zip_code, city) Values ('Lena', 'Rodriguez', 200000000038, '2981 Tod Route', '87050', 'Eveside');  
Insert Into person (first_name, last_name, person_number, street, zip_code, city) Values ('Toni', 'Orn', 200000000039, '6954 Tianna Summit', '57897', 'East Martinaworth');  
Insert Into person (first_name, last_name, person_number, street, zip_code, city) Values ('Lena', 'Cremin', 200000000040, '499 Cummerata Gardens', '38241', 'Cerritos');  
Insert Into person (first_name, last_name, person_number, street, zip_code, city) Values ('Clint', 'Koepp-Stoltenberg', 200000000041, '74510 Francesco Throughway', '51019', 'New Katherineberg');  
Insert Into person (first_name, last_name, person_number, street, zip_code, city) Values ('Margarita', 'Haag', 200000000042, '29455 Fidel Crescent', '26444', 'Alameda');  
Insert Into person (first_name, last_name, person_number, street, zip_code, city) Values ('Velma', 'Tremblay', 200000000043, '10431 Kennith Coves', '23791', 'Louchester');  
Insert Into person (first_name, last_name, person_number, street, zip_code, city) Values ('Patty', 'Beer', 200000000044, '3855 Easter Trail', '53652', 'West Ryann');  
Insert Into person (first_name, last_name, person_number, street, zip_code, city) Values ('Rodney', 'Collins', 200000000045, '6826 Bayer Grove', '05363', 'Menifee');  
Insert Into person (first_name, last_name, person_number, street, zip_code, city) Values ('Dianne', 'Lindgren', 200000000046, '951 Kshlerin Estate', '35558', 'Lake Abigail');  
Insert Into person (first_name, last_name, person_number, street, zip_code, city) Values ('Hilda', 'Williamson', 200000000047, '1390 Stroman Bypass', '79657', 'Treutelstad');  
Insert Into person (first_name, last_name, person_number, street, zip_code, city) Values ('Virgil', 'Mayer-Kerluke', 200000000048, '1184 King Wells', '53835', 'East Rowlandport');  
Insert Into person (first_name, last_name, person_number, street, zip_code, city) Values ('Alice', 'Runolfsdottir', 200000000049, '40193 Dora Land', '85104', 'Lake Madelynn');  
Insert Into person (first_name, last_name, person_number, street, zip_code, city) Values ('Archie', 'Bartell', 200000000050, '57979 Geraldine Cove', '40602', 'Cummeratachester');  
Insert Into person (first_name, last_name, person_number, street, zip_code, city) Values ('Lindsey', 'Schultz', 200000000051, '472 Elvis Lodge', '05696', 'Port Jenniehaven');  
Insert Into person (first_name, last_name, person_number, street, zip_code, city) Values ('Gabriel', 'Schneider', 200000000052, '6264 Vesta Branch', '64840', 'Smithamberg');  
Insert Into person (first_name, last_name, person_number, street, zip_code, city) Values ('Francis', 'Lebsack', 200000000053, '4165 Runte Cape', '63347', 'Ocala');  
Insert Into person (first_name, last_name, person_number, street, zip_code, city) Values ('Erin', 'Rolfson', 200000000054, '8648 Collier Spurs', '15536', 'Albuquerque');  
Insert Into person (first_name, last_name, person_number, street, zip_code, city) Values ('Juana', 'Russel', 200000000055, '258 Marquardt Road', '93665', 'Port Tommieton');  
Insert Into person (first_name, last_name, person_number, street, zip_code, city) Values ('Debbie', 'Leuschke', 200000000056, '720 Domenico Neck', '40582', 'Moore');  
Insert Into person (first_name, last_name, person_number, street, zip_code, city) Values ('Christine', 'Klein', 200000000057, '8884 Prohaska Streets', '95504', 'Howellborough');  
Insert Into person (first_name, last_name, person_number, street, zip_code, city) Values ('Alice', 'Nader', 200000000058, '56707 Hilbert Hill', '60963', 'Mertiestead');  
Insert Into person (first_name, last_name, person_number, street, zip_code, city) Values ('Genevieve', 'Nikolaus', 200000000059, '950 Kuhlman Orchard', '65083', 'Lake Jaylan');  

Insert Into phone_number (phone_number, person_id) Values ('+1 (492) 961-4453', (SELECT id FROM person WHERE person_number = '200000000000'));  
Insert Into phone_number (phone_number, person_id) Values ('+1 (054) 330-6503', (SELECT id FROM person WHERE person_number = '200000000001'));  
Insert Into phone_number (phone_number, person_id) Values ('+1 (187) 223-5081', (SELECT id FROM person WHERE person_number = '200000000002'));  
Insert Into phone_number (phone_number, person_id) Values ('+1 (759) 959-2616', (SELECT id FROM person WHERE person_number = '200000000003'));  
Insert Into phone_number (phone_number, person_id) Values ('+1 (061) 180-8555', (SELECT id FROM person WHERE person_number = '200000000004'));  
Insert Into phone_number (phone_number, person_id) Values ('+1 (736) 321-5314', (SELECT id FROM person WHERE person_number = '200000000005'));  
Insert Into phone_number (phone_number, person_id) Values ('+1 (201) 669-3033', (SELECT id FROM person WHERE person_number = '200000000006'));  
Insert Into phone_number (phone_number, person_id) Values ('+1 (149) 606-8378', (SELECT id FROM person WHERE person_number = '200000000007'));  
Insert Into phone_number (phone_number, person_id) Values ('+1 (893) 589-1980', (SELECT id FROM person WHERE person_number = '200000000008'));  
Insert Into phone_number (phone_number, person_id) Values ('+1 (305) 334-6351', (SELECT id FROM person WHERE person_number = '200000000009'));  
Insert Into phone_number (phone_number, person_id) Values ('+1 (317) 329-6463', (SELECT id FROM person WHERE person_number = '200000000010'));  
Insert Into phone_number (phone_number, person_id) Values ('+1 (624) 561-7454', (SELECT id FROM person WHERE person_number = '200000000011'));  
Insert Into phone_number (phone_number, person_id) Values ('+1 (841) 608-5799', (SELECT id FROM person WHERE person_number = '200000000012'));  
Insert Into phone_number (phone_number, person_id) Values ('+1 (664) 234-4325', (SELECT id FROM person WHERE person_number = '200000000013'));  
Insert Into phone_number (phone_number, person_id) Values ('+1 (213) 422-1641', (SELECT id FROM person WHERE person_number = '200000000014'));  
Insert Into phone_number (phone_number, person_id) Values ('+1 (646) 767-3007', (SELECT id FROM person WHERE person_number = '200000000015'));  
Insert Into phone_number (phone_number, person_id) Values ('+1 (294) 277-3950', (SELECT id FROM person WHERE person_number = '200000000016'));  
Insert Into phone_number (phone_number, person_id) Values ('+1 (940) 679-9514', (SELECT id FROM person WHERE person_number = '200000000017'));  
Insert Into phone_number (phone_number, person_id) Values ('+1 (556) 486-9264', (SELECT id FROM person WHERE person_number = '200000000018'));  
Insert Into phone_number (phone_number, person_id) Values ('+1 (618) 930-3179', (SELECT id FROM person WHERE person_number = '200000000019'));  
Insert Into phone_number (phone_number, person_id) Values ('+1 (450) 864-3274', (SELECT id FROM person WHERE person_number = '200000000020'));  
Insert Into phone_number (phone_number, person_id) Values ('+1 (693) 557-2520', (SELECT id FROM person WHERE person_number = '200000000021'));  
Insert Into phone_number (phone_number, person_id) Values ('+1 (935) 954-4035', (SELECT id FROM person WHERE person_number = '200000000022'));  
Insert Into phone_number (phone_number, person_id) Values ('+1 (381) 302-4624', (SELECT id FROM person WHERE person_number = '200000000023'));  
Insert Into phone_number (phone_number, person_id) Values ('+1 (380) 595-1573', (SELECT id FROM person WHERE person_number = '200000000024'));  
Insert Into phone_number (phone_number, person_id) Values ('+1 (832) 096-0595', (SELECT id FROM person WHERE person_number = '200000000025'));  
Insert Into phone_number (phone_number, person_id) Values ('+1 (835) 285-0255', (SELECT id FROM person WHERE person_number = '200000000026'));  
Insert Into phone_number (phone_number, person_id) Values ('+1 (404) 729-4244', (SELECT id FROM person WHERE person_number = '200000000027'));  
Insert Into phone_number (phone_number, person_id) Values ('+1 (001) 977-4033', (SELECT id FROM person WHERE person_number = '200000000028'));  
Insert Into phone_number (phone_number, person_id) Values ('+1 (386) 614-9702', (SELECT id FROM person WHERE person_number = '200000000029'));  
Insert Into phone_number (phone_number, person_id) Values ('+1 (100) 927-2513', (SELECT id FROM person WHERE person_number = '200000000030'));  
Insert Into phone_number (phone_number, person_id) Values ('+1 (147) 889-0836', (SELECT id FROM person WHERE person_number = '200000000031'));  
Insert Into phone_number (phone_number, person_id) Values ('+1 (377) 608-7283', (SELECT id FROM person WHERE person_number = '200000000032'));  
Insert Into phone_number (phone_number, person_id) Values ('+1 (072) 790-2216', (SELECT id FROM person WHERE person_number = '200000000033'));  
Insert Into phone_number (phone_number, person_id) Values ('+1 (873) 557-9948', (SELECT id FROM person WHERE person_number = '200000000034'));  
Insert Into phone_number (phone_number, person_id) Values ('+1 (026) 974-5221', (SELECT id FROM person WHERE person_number = '200000000035'));  
Insert Into phone_number (phone_number, person_id) Values ('+1 (226) 643-6114', (SELECT id FROM person WHERE person_number = '200000000036'));  
Insert Into phone_number (phone_number, person_id) Values ('+1 (123) 182-9142', (SELECT id FROM person WHERE person_number = '200000000037'));  
Insert Into phone_number (phone_number, person_id) Values ('+1 (975) 812-0038', (SELECT id FROM person WHERE person_number = '200000000038'));  
Insert Into phone_number (phone_number, person_id) Values ('+1 (170) 268-4408', (SELECT id FROM person WHERE person_number = '200000000039'));  
Insert Into phone_number (phone_number, person_id) Values ('+1 (151) 711-1626', (SELECT id FROM person WHERE person_number = '200000000040'));  
Insert Into phone_number (phone_number, person_id) Values ('+1 (834) 239-7366', (SELECT id FROM person WHERE person_number = '200000000041'));  
Insert Into phone_number (phone_number, person_id) Values ('+1 (921) 611-8030', (SELECT id FROM person WHERE person_number = '200000000042'));  
Insert Into phone_number (phone_number, person_id) Values ('+1 (715) 946-6152', (SELECT id FROM person WHERE person_number = '200000000043'));  
Insert Into phone_number (phone_number, person_id) Values ('+1 (235) 893-9455', (SELECT id FROM person WHERE person_number = '200000000044'));  
Insert Into phone_number (phone_number, person_id) Values ('+1 (287) 404-1503', (SELECT id FROM person WHERE person_number = '200000000045'));  
Insert Into phone_number (phone_number, person_id) Values ('+1 (337) 542-0416', (SELECT id FROM person WHERE person_number = '200000000046'));  
Insert Into phone_number (phone_number, person_id) Values ('+1 (298) 200-7509', (SELECT id FROM person WHERE person_number = '200000000047'));  
Insert Into phone_number (phone_number, person_id) Values ('+1 (612) 979-4300', (SELECT id FROM person WHERE person_number = '200000000048'));  
Insert Into phone_number (phone_number, person_id) Values ('+1 (279) 079-6132', (SELECT id FROM person WHERE person_number = '200000000049'));  

Insert Into skill_level (skill) Values ('beginner');  
Insert Into skill_level (skill) Values ('intermediate');  
Insert Into skill_level (skill) Values ('advanced');    

Insert Into student (student_id, person_id, skill_level_id) Values (1, (SELECT id FROM person WHERE person_number = '200000000000'), (SELECT id FROM skill_level WHERE skill = 'beginner'));  
Insert Into student (student_id, person_id, skill_level_id) Values (2, (SELECT id FROM person WHERE person_number = '200000000001'), (SELECT id FROM skill_level WHERE skill = 'intermediate'));  
Insert Into student (student_id, person_id, skill_level_id) Values (3, (SELECT id FROM person WHERE person_number = '200000000002'), (SELECT id FROM skill_level WHERE skill = 'advanced'));  
Insert Into student (student_id, person_id, skill_level_id) Values (4, (SELECT id FROM person WHERE person_number = '200000000003'), (SELECT id FROM skill_level WHERE skill = 'beginner'));  
Insert Into student (student_id, person_id, skill_level_id) Values (5, (SELECT id FROM person WHERE person_number = '200000000004'), (SELECT id FROM skill_level WHERE skill = 'intermediate'));  
Insert Into student (student_id, person_id, skill_level_id) Values (6, (SELECT id FROM person WHERE person_number = '200000000005'), (SELECT id FROM skill_level WHERE skill = 'advanced'));  
Insert Into student (student_id, person_id, skill_level_id) Values (7, (SELECT id FROM person WHERE person_number = '200000000006'), (SELECT id FROM skill_level WHERE skill = 'beginner'));  
Insert Into student (student_id, person_id, skill_level_id) Values (8, (SELECT id FROM person WHERE person_number = '200000000007'), (SELECT id FROM skill_level WHERE skill = 'intermediate'));  
Insert Into student (student_id, person_id, skill_level_id) Values (9, (SELECT id FROM person WHERE person_number = '200000000008'), (SELECT id FROM skill_level WHERE skill = 'advanced'));  
Insert Into student (student_id, person_id, skill_level_id) Values (10, (SELECT id FROM person WHERE person_number = '200000000009'), (SELECT id FROM skill_level WHERE skill = 'beginner'));  
Insert Into student (student_id, person_id, skill_level_id) Values (11, (SELECT id FROM person WHERE person_number = '200000000010'), (SELECT id FROM skill_level WHERE skill = 'intermediate'));  
Insert Into student (student_id, person_id, skill_level_id) Values (12, (SELECT id FROM person WHERE person_number = '200000000011'), (SELECT id FROM skill_level WHERE skill = 'advanced'));  
Insert Into student (student_id, person_id, skill_level_id) Values (13, (SELECT id FROM person WHERE person_number = '200000000012'), (SELECT id FROM skill_level WHERE skill = 'beginner'));  
Insert Into student (student_id, person_id, skill_level_id) Values (14, (SELECT id FROM person WHERE person_number = '200000000013'), (SELECT id FROM skill_level WHERE skill = 'intermediate'));  
Insert Into student (student_id, person_id, skill_level_id) Values (15, (SELECT id FROM person WHERE person_number = '200000000014'), (SELECT id FROM skill_level WHERE skill = 'advanced'));  
Insert Into student (student_id, person_id, skill_level_id) Values (16, (SELECT id FROM person WHERE person_number = '200000000015'), (SELECT id FROM skill_level WHERE skill = 'beginner'));  
Insert Into student (student_id, person_id, skill_level_id) Values (17, (SELECT id FROM person WHERE person_number = '200000000016'), (SELECT id FROM skill_level WHERE skill = 'intermediate'));  
Insert Into student (student_id, person_id, skill_level_id) Values (18, (SELECT id FROM person WHERE person_number = '200000000017'), (SELECT id FROM skill_level WHERE skill = 'advanced'));  
Insert Into student (student_id, person_id, skill_level_id) Values (19, (SELECT id FROM person WHERE person_number = '200000000018'), (SELECT id FROM skill_level WHERE skill = 'beginner'));  
Insert Into student (student_id, person_id, skill_level_id) Values (20, (SELECT id FROM person WHERE person_number = '200000000019'), (SELECT id FROM skill_level WHERE skill = 'intermediate'));  
Insert Into student (student_id, person_id, skill_level_id) Values (21, (SELECT id FROM person WHERE person_number = '200000000020'), (SELECT id FROM skill_level WHERE skill = 'advanced'));  
Insert Into student (student_id, person_id, skill_level_id) Values (22, (SELECT id FROM person WHERE person_number = '200000000021'), (SELECT id FROM skill_level WHERE skill = 'beginner'));  
Insert Into student (student_id, person_id, skill_level_id) Values (23, (SELECT id FROM person WHERE person_number = '200000000022'), (SELECT id FROM skill_level WHERE skill = 'intermediate'));  
Insert Into student (student_id, person_id, skill_level_id) Values (24, (SELECT id FROM person WHERE person_number = '200000000023'), (SELECT id FROM skill_level WHERE skill = 'advanced'));  
Insert Into student (student_id, person_id, skill_level_id) Values (25, (SELECT id FROM person WHERE person_number = '200000000024'), (SELECT id FROM skill_level WHERE skill = 'beginner'));  
Insert Into student (student_id, person_id, skill_level_id) Values (26, (SELECT id FROM person WHERE person_number = '200000000025'), (SELECT id FROM skill_level WHERE skill = 'intermediate'));  
Insert Into student (student_id, person_id, skill_level_id) Values (27, (SELECT id FROM person WHERE person_number = '200000000026'), (SELECT id FROM skill_level WHERE skill = 'advanced'));  
Insert Into student (student_id, person_id, skill_level_id) Values (28, (SELECT id FROM person WHERE person_number = '200000000027'), (SELECT id FROM skill_level WHERE skill = 'beginner'));  
Insert Into student (student_id, person_id, skill_level_id) Values (29, (SELECT id FROM person WHERE person_number = '200000000028'), (SELECT id FROM skill_level WHERE skill = 'intermediate'));  
Insert Into student (student_id, person_id, skill_level_id) Values (30, (SELECT id FROM person WHERE person_number = '200000000029'), (SELECT id FROM skill_level WHERE skill = 'advanced'));  
Insert Into student (student_id, person_id, skill_level_id) Values (31, (SELECT id FROM person WHERE person_number = '200000000030'), (SELECT id FROM skill_level WHERE skill = 'beginner'));  
Insert Into student (student_id, person_id, skill_level_id) Values (32, (SELECT id FROM person WHERE person_number = '200000000031'), (SELECT id FROM skill_level WHERE skill = 'intermediate'));  
Insert Into student (student_id, person_id, skill_level_id) Values (33, (SELECT id FROM person WHERE person_number = '200000000032'), (SELECT id FROM skill_level WHERE skill = 'advanced'));  
Insert Into student (student_id, person_id, skill_level_id) Values (34, (SELECT id FROM person WHERE person_number = '200000000033'), (SELECT id FROM skill_level WHERE skill = 'beginner'));  
Insert Into student (student_id, person_id, skill_level_id) Values (35, (SELECT id FROM person WHERE person_number = '200000000034'), (SELECT id FROM skill_level WHERE skill = 'intermediate'));  
Insert Into student (student_id, person_id, skill_level_id) Values (36, (SELECT id FROM person WHERE person_number = '200000000035'), (SELECT id FROM skill_level WHERE skill = 'advanced'));  
Insert Into student (student_id, person_id, skill_level_id) Values (37, (SELECT id FROM person WHERE person_number = '200000000036'), (SELECT id FROM skill_level WHERE skill = 'beginner'));  
Insert Into student (student_id, person_id, skill_level_id) Values (38, (SELECT id FROM person WHERE person_number = '200000000037'), (SELECT id FROM skill_level WHERE skill = 'intermediate'));  
Insert Into student (student_id, person_id, skill_level_id) Values (39, (SELECT id FROM person WHERE person_number = '200000000038'), (SELECT id FROM skill_level WHERE skill = 'advanced'));  
Insert Into student (student_id, person_id, skill_level_id) Values (40, (SELECT id FROM person WHERE person_number = '200000000039'), (SELECT id FROM skill_level WHERE skill = 'beginner'));  
Insert Into student (student_id, person_id, skill_level_id) Values (41, (SELECT id FROM person WHERE person_number = '200000000040'), (SELECT id FROM skill_level WHERE skill = 'intermediate'));  
Insert Into student (student_id, person_id, skill_level_id) Values (42, (SELECT id FROM person WHERE person_number = '200000000041'), (SELECT id FROM skill_level WHERE skill = 'advanced'));  
Insert Into student (student_id, person_id, skill_level_id) Values (43, (SELECT id FROM person WHERE person_number = '200000000042'), (SELECT id FROM skill_level WHERE skill = 'beginner'));  
Insert Into student (student_id, person_id, skill_level_id) Values (44, (SELECT id FROM person WHERE person_number = '200000000043'), (SELECT id FROM skill_level WHERE skill = 'intermediate'));  
Insert Into student (student_id, person_id, skill_level_id) Values (45, (SELECT id FROM person WHERE person_number = '200000000044'), (SELECT id FROM skill_level WHERE skill = 'advanced'));  
Insert Into student (student_id, person_id, skill_level_id) Values (46, (SELECT id FROM person WHERE person_number = '200000000045'), (SELECT id FROM skill_level WHERE skill = 'beginner'));  
Insert Into student (student_id, person_id, skill_level_id) Values (47, (SELECT id FROM person WHERE person_number = '200000000046'), (SELECT id FROM skill_level WHERE skill = 'intermediate'));  
Insert Into student (student_id, person_id, skill_level_id) Values (48, (SELECT id FROM person WHERE person_number = '200000000047'), (SELECT id FROM skill_level WHERE skill = 'advanced'));  
Insert Into student (student_id, person_id, skill_level_id) Values (49, (SELECT id FROM person WHERE person_number = '200000000048'), (SELECT id FROM skill_level WHERE skill = 'beginner'));  
Insert Into student (student_id, person_id, skill_level_id) Values (50, (SELECT id FROM person WHERE person_number = '200000000049'), (SELECT id FROM skill_level WHERE skill = 'intermediate'));  

Insert Into student_payment (student_id, payment_id, payment_amount, no_of_lessons, payment_date) Values ((SELECT id FROM student WHERE student_id = '1'), 1, 22811, 34, '2024-01-04');  
Insert Into student_payment (student_id, payment_id, payment_amount, no_of_lessons, payment_date) Values ((SELECT id FROM student WHERE student_id = '2'), 2, 121, 91, '2024-02-02');  
Insert Into student_payment (student_id, payment_id, payment_amount, no_of_lessons, payment_date) Values ((SELECT id FROM student WHERE student_id = '3'), 3, 12725, 36, '2024-05-01');  
Insert Into student_payment (student_id, payment_id, payment_amount, no_of_lessons, payment_date) Values ((SELECT id FROM student WHERE student_id = '4'), 4, 10438, 40, '2024-06-05');  
Insert Into student_payment (student_id, payment_id, payment_amount, no_of_lessons, payment_date) Values ((SELECT id FROM student WHERE student_id = '5'), 5, 3073, 14, '2024-04-05');  
Insert Into student_payment (student_id, payment_id, payment_amount, no_of_lessons, payment_date) Values ((SELECT id FROM student WHERE student_id = '6'), 6, 7240, 36, '2024-03-06');  
Insert Into student_payment (student_id, payment_id, payment_amount, no_of_lessons, payment_date) Values ((SELECT id FROM student WHERE student_id = '7'), 7, 6981, 63, '2024-02-07');  
Insert Into student_payment (student_id, payment_id, payment_amount, no_of_lessons, payment_date) Values ((SELECT id FROM student WHERE student_id = '8'), 8, 20813, 2, '2024-04-08');  
Insert Into student_payment (student_id, payment_id, payment_amount, no_of_lessons, payment_date) Values ((SELECT id FROM student WHERE student_id = '9'), 9, 7270, 49, '2024-05-09');  
Insert Into student_payment (student_id, payment_id, payment_amount, no_of_lessons, payment_date) Values ((SELECT id FROM student WHERE student_id = '10'), 10, 14574, 66, '2024-02-17');  
Insert Into student_payment (student_id, payment_id, payment_amount, no_of_lessons, payment_date) Values ((SELECT id FROM student WHERE student_id = '11'), 11, 16447, 76, '2024-04-11');  
Insert Into student_payment (student_id, payment_id, payment_amount, no_of_lessons, payment_date) Values ((SELECT id FROM student WHERE student_id = '12'), 12, 17864, 52, '2024-05-12');  
Insert Into student_payment (student_id, payment_id, payment_amount, no_of_lessons, payment_date) Values ((SELECT id FROM student WHERE student_id = '13'), 13, 29703, 14, '2024-03-14');  
Insert Into student_payment (student_id, payment_id, payment_amount, no_of_lessons, payment_date) Values ((SELECT id FROM student WHERE student_id = '14'), 14, 20722, 31, '2024-06-15');  
Insert Into student_payment (student_id, payment_id, payment_amount, no_of_lessons, payment_date) Values ((SELECT id FROM student WHERE student_id = '15'), 15, 13024, 50, '2024-05-15');  
Insert Into student_payment (student_id, payment_id, payment_amount, no_of_lessons, payment_date) Values ((SELECT id FROM student WHERE student_id = '16'), 16, 21758, 1, '2024-02-19');  
Insert Into student_payment (student_id, payment_id, payment_amount, no_of_lessons, payment_date) Values ((SELECT id FROM student WHERE student_id = '17'), 17, 3952, 12, '2024-03-20');  
Insert Into student_payment (student_id, payment_id, payment_amount, no_of_lessons, payment_date) Values ((SELECT id FROM student WHERE student_id = '18'), 18, 804, 44, '2024-05-27');  
Insert Into student_payment (student_id, payment_id, payment_amount, no_of_lessons, payment_date) Values ((SELECT id FROM student WHERE student_id = '19'), 19, 8328, 67, '2024-03-21');  
Insert Into student_payment (student_id, payment_id, payment_amount, no_of_lessons, payment_date) Values ((SELECT id FROM student WHERE student_id = '20'), 20, 19341, 26, '2024-03-22');  
Insert Into student_payment (student_id, payment_id, payment_amount, no_of_lessons, payment_date) Values ((SELECT id FROM student WHERE student_id = '21'), 21, 22260, 49, '2024-06-30');  
Insert Into student_payment (student_id, payment_id, payment_amount, no_of_lessons, payment_date) Values ((SELECT id FROM student WHERE student_id = '22'), 22, 11424, 80, '2024-06-12');  
Insert Into student_payment (student_id, payment_id, payment_amount, no_of_lessons, payment_date) Values ((SELECT id FROM student WHERE student_id = '23'), 23, 14807, 93, '2024-03-11');  
Insert Into student_payment (student_id, payment_id, payment_amount, no_of_lessons, payment_date) Values ((SELECT id FROM student WHERE student_id = '24'), 24, 4865, 22, '2024-05-14');  
Insert Into student_payment (student_id, payment_id, payment_amount, no_of_lessons, payment_date) Values ((SELECT id FROM student WHERE student_id = '25'), 25, 17913, 29, '2024-04-15');  
Insert Into student_payment (student_id, payment_id, payment_amount, no_of_lessons, payment_date) Values ((SELECT id FROM student WHERE student_id = '26'), 26, 26796, 31, '2024-03-16');  
Insert Into student_payment (student_id, payment_id, payment_amount, no_of_lessons, payment_date) Values ((SELECT id FROM student WHERE student_id = '27'), 27, 2278, 9, '2024-02-12');  
Insert Into student_payment (student_id, payment_id, payment_amount, no_of_lessons, payment_date) Values ((SELECT id FROM student WHERE student_id = '28'), 28, 19820, 6, '2024-05-10');  
Insert Into student_payment (student_id, payment_id, payment_amount, no_of_lessons, payment_date) Values ((SELECT id FROM student WHERE student_id = '29'), 29, 20842, 81, '2024-02-01');  
Insert Into student_payment (student_id, payment_id, payment_amount, no_of_lessons, payment_date) Values ((SELECT id FROM student WHERE student_id = '30'), 30, 2650, 69, '2024-04-02');  
Insert Into student_payment (student_id, payment_id, payment_amount, no_of_lessons, payment_date) Values ((SELECT id FROM student WHERE student_id = '31'), 31, 16871, 48, '2024-03-28');  
Insert Into student_payment (student_id, payment_id, payment_amount, no_of_lessons, payment_date) Values ((SELECT id FROM student WHERE student_id = '32'), 32, 26685, 31, '2024-04-29');  
Insert Into student_payment (student_id, payment_id, payment_amount, no_of_lessons, payment_date) Values ((SELECT id FROM student WHERE student_id = '33'), 33, 13665, 78, '2024-03-27');  
Insert Into student_payment (student_id, payment_id, payment_amount, no_of_lessons, payment_date) Values ((SELECT id FROM student WHERE student_id = '34'), 34, 724, 38, '2024-02-07');  
Insert Into student_payment (student_id, payment_id, payment_amount, no_of_lessons, payment_date) Values ((SELECT id FROM student WHERE student_id = '35'), 35, 24952, 21, '2024-02-07');  
Insert Into student_payment (student_id, payment_id, payment_amount, no_of_lessons, payment_date) Values ((SELECT id FROM student WHERE student_id = '36'), 36, 8199, 95, '2024-02-27');  
Insert Into student_payment (student_id, payment_id, payment_amount, no_of_lessons, payment_date) Values ((SELECT id FROM student WHERE student_id = '37'), 37, 8255, 58, '2024-01-17');  
Insert Into student_payment (student_id, payment_id, payment_amount, no_of_lessons, payment_date) Values ((SELECT id FROM student WHERE student_id = '38'), 38, 4708, 31, '2024-01-27');  
Insert Into student_payment (student_id, payment_id, payment_amount, no_of_lessons, payment_date) Values ((SELECT id FROM student WHERE student_id = '39'), 39, 15294, 12, '2024-05-17');  
Insert Into student_payment (student_id, payment_id, payment_amount, no_of_lessons, payment_date) Values ((SELECT id FROM student WHERE student_id = '40'), 40, 27135, 53, '2024-04-07');  
Insert Into student_payment (student_id, payment_id, payment_amount, no_of_lessons, payment_date) Values ((SELECT id FROM student WHERE student_id = '41'), 41, 25095, 66, '2024-02-07');  
Insert Into student_payment (student_id, payment_id, payment_amount, no_of_lessons, payment_date) Values ((SELECT id FROM student WHERE student_id = '42'), 42, 18978, 80, '2024-03-15');  
Insert Into student_payment (student_id, payment_id, payment_amount, no_of_lessons, payment_date) Values ((SELECT id FROM student WHERE student_id = '43'), 43, 20127, 74, '2024-01-27');  
Insert Into student_payment (student_id, payment_id, payment_amount, no_of_lessons, payment_date) Values ((SELECT id FROM student WHERE student_id = '44'), 44, 9168, 34, '2024-01-17');  
Insert Into student_payment (student_id, payment_id, payment_amount, no_of_lessons, payment_date) Values ((SELECT id FROM student WHERE student_id = '45'), 45, 17323, 59, '2024-01-03');  
Insert Into student_payment (student_id, payment_id, payment_amount, no_of_lessons, payment_date) Values ((SELECT id FROM student WHERE student_id = '46'), 46, 13771, 31, '2024-01-09');  
Insert Into student_payment (student_id, payment_id, payment_amount, no_of_lessons, payment_date) Values ((SELECT id FROM student WHERE student_id = '47'), 47, 15029, 28, '2024-01-02');  
Insert Into student_payment (student_id, payment_id, payment_amount, no_of_lessons, payment_date) Values ((SELECT id FROM student WHERE student_id = '48'), 48, 21346, 91, '2024-01-03');  
Insert Into student_payment (student_id, payment_id, payment_amount, no_of_lessons, payment_date) Values ((SELECT id FROM student WHERE student_id = '49'), 49, 7029, 68, '2024-01-07');  
Insert Into student_payment (student_id, payment_id, payment_amount, no_of_lessons, payment_date) Values ((SELECT id FROM student WHERE student_id = '50'), 50, 2797, 48, '2024-01-07');  

Insert Into contact_person_student (student_id, contact_person_id) Values ((SELECT id FROM student WHERE student_id = '1'), (SELECT id FROM contact_person WHERE first_name = 'Alfredo'));  
Insert Into contact_person_student (student_id, contact_person_id) Values ((SELECT id FROM student WHERE student_id = '2'), (SELECT id FROM contact_person WHERE first_name = 'Kurt'));  
Insert Into contact_person_student (student_id, contact_person_id) Values ((SELECT id FROM student WHERE student_id = '3'), (SELECT id FROM contact_person WHERE first_name = 'Alexandra'));  
Insert Into contact_person_student (student_id, contact_person_id) Values ((SELECT id FROM student WHERE student_id = '4'), (SELECT id FROM contact_person WHERE first_name = 'Kathy'));  
Insert Into contact_person_student (student_id, contact_person_id) Values ((SELECT id FROM student WHERE student_id = '5'), (SELECT id FROM contact_person WHERE first_name = 'Carmen'));  
Insert Into contact_person_student (student_id, contact_person_id) Values ((SELECT id FROM student WHERE student_id = '6'), (SELECT id FROM contact_person WHERE first_name = 'Debra'));  
Insert Into contact_person_student (student_id, contact_person_id) Values ((SELECT id FROM student WHERE student_id = '7'), (SELECT id FROM contact_person WHERE first_name = 'Arnold'));  
Insert Into contact_person_student (student_id, contact_person_id) Values ((SELECT id FROM student WHERE student_id = '8'), (SELECT id FROM contact_person WHERE first_name = 'Timmy'));  
Insert Into contact_person_student (student_id, contact_person_id) Values ((SELECT id FROM student WHERE student_id = '9'), (SELECT id FROM contact_person WHERE first_name = 'Elias'));  
Insert Into contact_person_student (student_id, contact_person_id) Values ((SELECT id FROM student WHERE student_id = '10'), (SELECT id FROM contact_person WHERE first_name = 'Antonio'));  
Insert Into contact_person_student (student_id, contact_person_id) Values ((SELECT id FROM student WHERE student_id = '11'), (SELECT id FROM contact_person WHERE first_name = 'Marguerite'));  
Insert Into contact_person_student (student_id, contact_person_id) Values ((SELECT id FROM student WHERE student_id = '12'), (SELECT id FROM contact_person WHERE first_name = 'Katrina'));  
Insert Into contact_person_student (student_id, contact_person_id) Values ((SELECT id FROM student WHERE student_id = '13'), (SELECT id FROM contact_person WHERE first_name = 'Essie'));  
Insert Into contact_person_student (student_id, contact_person_id) Values ((SELECT id FROM student WHERE student_id = '14'), (SELECT id FROM contact_person WHERE first_name = 'Simon'));  
Insert Into contact_person_student (student_id, contact_person_id) Values ((SELECT id FROM student WHERE student_id = '15'), (SELECT id FROM contact_person WHERE first_name = 'Christie'));  
Insert Into contact_person_student (student_id, contact_person_id) Values ((SELECT id FROM student WHERE student_id = '16'), (SELECT id FROM contact_person WHERE first_name = 'Mike'));  
Insert Into contact_person_student (student_id, contact_person_id) Values ((SELECT id FROM student WHERE student_id = '17'), (SELECT id FROM contact_person WHERE first_name = 'Otis'));  
Insert Into contact_person_student (student_id, contact_person_id) Values ((SELECT id FROM student WHERE student_id = '18'), (SELECT id FROM contact_person WHERE first_name = 'Terrance'));  
Insert Into contact_person_student (student_id, contact_person_id) Values ((SELECT id FROM student WHERE student_id = '19'), (SELECT id FROM contact_person WHERE first_name = 'Brittany'));  
Insert Into contact_person_student (student_id, contact_person_id) Values ((SELECT id FROM student WHERE student_id = '20'), (SELECT id FROM contact_person WHERE first_name = 'Krista'));  
Insert Into contact_person_student (student_id, contact_person_id) Values ((SELECT id FROM student WHERE student_id = '21'), (SELECT id FROM contact_person WHERE first_name = 'Jody'));  
Insert Into contact_person_student (student_id, contact_person_id) Values ((SELECT id FROM student WHERE student_id = '22'), (SELECT id FROM contact_person WHERE first_name = 'Lawrence'));  
Insert Into contact_person_student (student_id, contact_person_id) Values ((SELECT id FROM student WHERE student_id = '23'), (SELECT id FROM contact_person WHERE first_name = 'Tami'));  
Insert Into contact_person_student (student_id, contact_person_id) Values ((SELECT id FROM student WHERE student_id = '24'), (SELECT id FROM contact_person WHERE first_name = 'Viola'));  
Insert Into contact_person_student (student_id, contact_person_id) Values ((SELECT id FROM student WHERE student_id = '25'), (SELECT id FROM contact_person WHERE first_name = 'Della'));  
Insert Into contact_person_student (student_id, contact_person_id) Values ((SELECT id FROM student WHERE student_id = '26'), (SELECT id FROM contact_person WHERE first_name = 'Troy'));  
Insert Into contact_person_student (student_id, contact_person_id) Values ((SELECT id FROM student WHERE student_id = '27'), (SELECT id FROM contact_person WHERE first_name = 'Jerry'));  
Insert Into contact_person_student (student_id, contact_person_id) Values ((SELECT id FROM student WHERE student_id = '28'), (SELECT id FROM contact_person WHERE first_name = 'Annie'));  
Insert Into contact_person_student (student_id, contact_person_id) Values ((SELECT id FROM student WHERE student_id = '29'), (SELECT id FROM contact_person WHERE first_name = 'Dan'));  
Insert Into contact_person_student (student_id, contact_person_id) Values ((SELECT id FROM student WHERE student_id = '30'), (SELECT id FROM contact_person WHERE first_name = 'Meghan'));  
Insert Into contact_person_student (student_id, contact_person_id) Values ((SELECT id FROM student WHERE student_id = '31'), (SELECT id FROM contact_person WHERE first_name = 'Armando'));  
Insert Into contact_person_student (student_id, contact_person_id) Values ((SELECT id FROM student WHERE student_id = '32'), (SELECT id FROM contact_person WHERE first_name = 'Felix'));  
Insert Into contact_person_student (student_id, contact_person_id) Values ((SELECT id FROM student WHERE student_id = '33'), (SELECT id FROM contact_person WHERE first_name = 'Karen'));  
Insert Into contact_person_student (student_id, contact_person_id) Values ((SELECT id FROM student WHERE student_id = '34'), (SELECT id FROM contact_person WHERE first_name = 'Shawn'));  
Insert Into contact_person_student (student_id, contact_person_id) Values ((SELECT id FROM student WHERE student_id = '35'), (SELECT id FROM contact_person WHERE first_name = 'Trevor'));  
Insert Into contact_person_student (student_id, contact_person_id) Values ((SELECT id FROM student WHERE student_id = '36'), (SELECT id FROM contact_person WHERE first_name = 'Brent'));  
Insert Into contact_person_student (student_id, contact_person_id) Values ((SELECT id FROM student WHERE student_id = '37'), (SELECT id FROM contact_person WHERE first_name = 'Ruth'));  
Insert Into contact_person_student (student_id, contact_person_id) Values ((SELECT id FROM student WHERE student_id = '38'), (SELECT id FROM contact_person WHERE first_name = 'Tyler'));  
Insert Into contact_person_student (student_id, contact_person_id) Values ((SELECT id FROM student WHERE student_id = '39'), (SELECT id FROM contact_person WHERE first_name = 'Gregg'));  
Insert Into contact_person_student (student_id, contact_person_id) Values ((SELECT id FROM student WHERE student_id = '40'), (SELECT id FROM contact_person WHERE first_name = 'Edwin'));  
Insert Into contact_person_student (student_id, contact_person_id) Values ((SELECT id FROM student WHERE student_id = '41'), (SELECT id FROM contact_person WHERE first_name = 'Dana'));  
Insert Into contact_person_student (student_id, contact_person_id) Values ((SELECT id FROM student WHERE student_id = '42'), (SELECT id FROM contact_person WHERE first_name = 'Billy'));  
Insert Into contact_person_student (student_id, contact_person_id) Values ((SELECT id FROM student WHERE student_id = '43'), (SELECT id FROM contact_person WHERE first_name = 'Winston'));  
Insert Into contact_person_student (student_id, contact_person_id) Values ((SELECT id FROM student WHERE student_id = '44'), (SELECT id FROM contact_person WHERE first_name = 'Nick'));  
Insert Into contact_person_student (student_id, contact_person_id) Values ((SELECT id FROM student WHERE student_id = '45'), (SELECT id FROM contact_person WHERE first_name = 'Zachary'));  
Insert Into contact_person_student (student_id, contact_person_id) Values ((SELECT id FROM student WHERE student_id = '46'), (SELECT id FROM contact_person WHERE first_name = 'Lillian'));  
Insert Into contact_person_student (student_id, contact_person_id) Values ((SELECT id FROM student WHERE student_id = '47'), (SELECT id FROM contact_person WHERE first_name = 'Chelsea'));  
Insert Into contact_person_student (student_id, contact_person_id) Values ((SELECT id FROM student WHERE student_id = '48'), (SELECT id FROM contact_person WHERE first_name = 'Leslie'));  
Insert Into contact_person_student (student_id, contact_person_id) Values ((SELECT id FROM student WHERE student_id = '49'), (SELECT id FROM contact_person WHERE first_name = 'Mickeal'));  
Insert Into contact_person_student (student_id, contact_person_id) Values ((SELECT id FROM student WHERE student_id = '50'), (SELECT id FROM contact_person WHERE first_name = 'Hugh'));  

Insert Into discount (student_id, percentage) Values ((SELECT id FROM student WHERE student_id = '1'), 18);  
Insert Into discount (student_id, percentage) Values ((SELECT id FROM student WHERE student_id = '2'), 9);  
Insert Into discount (student_id, percentage) Values ((SELECT id FROM student WHERE student_id = '3'), 1);  
Insert Into discount (student_id, percentage) Values ((SELECT id FROM student WHERE student_id = '4'), 20);  
Insert Into discount (student_id, percentage) Values ((SELECT id FROM student WHERE student_id = '5'), 16);  
Insert Into discount (student_id, percentage) Values ((SELECT id FROM student WHERE student_id = '6'), 12);  
Insert Into discount (student_id, percentage) Values ((SELECT id FROM student WHERE student_id = '7'), 4);  
Insert Into discount (student_id, percentage) Values ((SELECT id FROM student WHERE student_id = '8'), 23);  
Insert Into discount (student_id, percentage) Values ((SELECT id FROM student WHERE student_id = '9'), 6);  
Insert Into discount (student_id, percentage) Values ((SELECT id FROM student WHERE student_id = '10'), 3);  

Insert Into instructor (employee_id, person_id, can_teach_ensemble_id) Values (1, (SELECT id FROM person WHERE person_number = '200000000050'), (SELECT id FROM can_teach_ensemble WHERE value = 'true'));  
Insert Into instructor (employee_id, person_id, can_teach_ensemble_id) Values (2, (SELECT id FROM person WHERE person_number = '200000000051'), (SELECT id FROM can_teach_ensemble WHERE value = 'true'));  
Insert Into instructor (employee_id, person_id, can_teach_ensemble_id) Values (3, (SELECT id FROM person WHERE person_number = '200000000052'), (SELECT id FROM can_teach_ensemble WHERE value = 'false'));  
Insert Into instructor (employee_id, person_id, can_teach_ensemble_id) Values (4, (SELECT id FROM person WHERE person_number = '200000000053'), (SELECT id FROM can_teach_ensemble WHERE value = 'true'));  
Insert Into instructor (employee_id, person_id, can_teach_ensemble_id) Values (5, (SELECT id FROM person WHERE person_number = '200000000054'), (SELECT id FROM can_teach_ensemble WHERE value = 'true'));  
Insert Into instructor (employee_id, person_id, can_teach_ensemble_id) Values (6, (SELECT id FROM person WHERE person_number = '200000000055'), (SELECT id FROM can_teach_ensemble WHERE value = 'false'));  
Insert Into instructor (employee_id, person_id, can_teach_ensemble_id) Values (7, (SELECT id FROM person WHERE person_number = '200000000056'), (SELECT id FROM can_teach_ensemble WHERE value = 'true'));  
Insert Into instructor (employee_id, person_id, can_teach_ensemble_id) Values (8, (SELECT id FROM person WHERE person_number = '200000000057'), (SELECT id FROM can_teach_ensemble WHERE value = 'false'));  
Insert Into instructor (employee_id, person_id, can_teach_ensemble_id) Values (9, (SELECT id FROM person WHERE person_number = '200000000058'), (SELECT id FROM can_teach_ensemble WHERE value = 'false'));  
Insert Into instructor (employee_id, person_id, can_teach_ensemble_id) Values (10, (SELECT id FROM person WHERE person_number = '200000000059'), (SELECT id FROM can_teach_ensemble WHERE value = 'true'));  

Insert Into instructor_payment (instructor_id, payment_id, payment_amount, no_of_lessons, payment_date) Values ((SELECT id FROM instructor WHERE employee_id = '1'), 1, 15948, 52, '2024-01-07');  
Insert Into instructor_payment (instructor_id, payment_id, payment_amount, no_of_lessons, payment_date) Values ((SELECT id FROM instructor WHERE employee_id = '2'), 2, 34245, 35, '2024-01-07');  
Insert Into instructor_payment (instructor_id, payment_id, payment_amount, no_of_lessons, payment_date) Values ((SELECT id FROM instructor WHERE employee_id = '3'), 3, 32177, 70, '2024-01-07');  
Insert Into instructor_payment (instructor_id, payment_id, payment_amount, no_of_lessons, payment_date) Values ((SELECT id FROM instructor WHERE employee_id = '4'), 4, 10281, 87, '2024-01-07');  
Insert Into instructor_payment (instructor_id, payment_id, payment_amount, no_of_lessons, payment_date) Values ((SELECT id FROM instructor WHERE employee_id = '5'), 5, 25781, 92, '2024-01-07');  
Insert Into instructor_payment (instructor_id, payment_id, payment_amount, no_of_lessons, payment_date) Values ((SELECT id FROM instructor WHERE employee_id = '6'), 6, 11335, 74, '2024-01-07');  
Insert Into instructor_payment (instructor_id, payment_id, payment_amount, no_of_lessons, payment_date) Values ((SELECT id FROM instructor WHERE employee_id = '7'), 7, 29939, 6, '2024-01-07');  
Insert Into instructor_payment (instructor_id, payment_id, payment_amount, no_of_lessons, payment_date) Values ((SELECT id FROM instructor WHERE employee_id = '8'), 8, 12536, 79, '2024-01-07');  
Insert Into instructor_payment (instructor_id, payment_id, payment_amount, no_of_lessons, payment_date) Values ((SELECT id FROM instructor WHERE employee_id = '9'), 9, 23181, 90, '2024-01-07');  
Insert Into instructor_payment (instructor_id, payment_id, payment_amount, no_of_lessons, payment_date) Values ((SELECT id FROM instructor WHERE employee_id = '10'), 10, 31563, 42, '2024-01-07');  

Insert Into instructor_skill_level (instructor_id, skill_level_id) Values ((SELECT id FROM instructor WHERE employee_id = '1'), (SELECT id FROM skill_level WHERE skill = 'beginner'));  
Insert Into instructor_skill_level (instructor_id, skill_level_id) Values ((SELECT id FROM instructor WHERE employee_id = '2'), (SELECT id FROM skill_level WHERE skill = 'intermediate'));  
Insert Into instructor_skill_level (instructor_id, skill_level_id) Values ((SELECT id FROM instructor WHERE employee_id = '3'), (SELECT id FROM skill_level WHERE skill = 'advanced'));  
Insert Into instructor_skill_level (instructor_id, skill_level_id) Values ((SELECT id FROM instructor WHERE employee_id = '4'), (SELECT id FROM skill_level WHERE skill = 'beginner'));  
Insert Into instructor_skill_level (instructor_id, skill_level_id) Values ((SELECT id FROM instructor WHERE employee_id = '5'), (SELECT id FROM skill_level WHERE skill = 'intermediate'));  
Insert Into instructor_skill_level (instructor_id, skill_level_id) Values ((SELECT id FROM instructor WHERE employee_id = '6'), (SELECT id FROM skill_level WHERE skill = 'advanced'));  
Insert Into instructor_skill_level (instructor_id, skill_level_id) Values ((SELECT id FROM instructor WHERE employee_id = '7'), (SELECT id FROM skill_level WHERE skill = 'beginner'));  
Insert Into instructor_skill_level (instructor_id, skill_level_id) Values ((SELECT id FROM instructor WHERE employee_id = '8'), (SELECT id FROM skill_level WHERE skill = 'intermediate'));  
Insert Into instructor_skill_level (instructor_id, skill_level_id) Values ((SELECT id FROM instructor WHERE employee_id = '9'), (SELECT id FROM skill_level WHERE skill = 'advanced'));  
Insert Into instructor_skill_level (instructor_id, skill_level_id) Values ((SELECT id FROM instructor WHERE employee_id = '10'), (SELECT id FROM skill_level WHERE skill = 'beginner'));  

Insert Into instrument_to_teach (instrument_type_id, instructor_id) Values ((SELECT id FROM instrument_type WHERE type = 'piano'), (SELECT id FROM instructor WHERE employee_id = '1'));  
Insert Into instrument_to_teach (instrument_type_id, instructor_id) Values ((SELECT id FROM instrument_type WHERE type = 'trumpet'), (SELECT id FROM instructor WHERE employee_id = '2'));  
Insert Into instrument_to_teach (instrument_type_id, instructor_id) Values ((SELECT id FROM instrument_type WHERE type = 'piano'), (SELECT id FROM instructor WHERE employee_id = '3'));  
Insert Into instrument_to_teach (instrument_type_id, instructor_id) Values ((SELECT id FROM instrument_type WHERE type = 'guitar'), (SELECT id FROM instructor WHERE employee_id = '4'));  
Insert Into instrument_to_teach (instrument_type_id, instructor_id) Values ((SELECT id FROM instrument_type WHERE type = 'guitar'), (SELECT id FROM instructor WHERE employee_id = '5'));  
Insert Into instrument_to_teach (instrument_type_id, instructor_id) Values ((SELECT id FROM instrument_type WHERE type = 'trumpet'), (SELECT id FROM instructor WHERE employee_id = '6'));  
Insert Into instrument_to_teach (instrument_type_id, instructor_id) Values ((SELECT id FROM instrument_type WHERE type = 'piano'), (SELECT id FROM instructor WHERE employee_id = '7'));  
Insert Into instrument_to_teach (instrument_type_id, instructor_id) Values ((SELECT id FROM instrument_type WHERE type = 'piano'), (SELECT id FROM instructor WHERE employee_id = '8'));  
Insert Into instrument_to_teach (instrument_type_id, instructor_id) Values ((SELECT id FROM instrument_type WHERE type = 'piano'), (SELECT id FROM instructor WHERE employee_id = '9'));  
Insert Into instrument_to_teach (instrument_type_id, instructor_id) Values ((SELECT id FROM instrument_type WHERE type = 'trumpet'), (SELECT id FROM instructor WHERE employee_id = '10'));
Insert Into instrument_to_teach (instrument_type_id, instructor_id) Values ((SELECT id FROM instrument_type WHERE type = 'trumpet'), (SELECT id FROM instructor WHERE employee_id = '1'));  
Insert Into instrument_to_teach (instrument_type_id, instructor_id) Values ((SELECT id FROM instrument_type WHERE type = 'guitar'), (SELECT id FROM instructor WHERE employee_id = '2'));  
Insert Into instrument_to_teach (instrument_type_id, instructor_id) Values ((SELECT id FROM instrument_type WHERE type = 'guitar'), (SELECT id FROM instructor WHERE employee_id = '3'));  
Insert Into instrument_to_teach (instrument_type_id, instructor_id) Values ((SELECT id FROM instrument_type WHERE type = 'piano'), (SELECT id FROM instructor WHERE employee_id = '4'));  
Insert Into instrument_to_teach (instrument_type_id, instructor_id) Values ((SELECT id FROM instrument_type WHERE type = 'piano'), (SELECT id FROM instructor WHERE employee_id = '5'));  
   
Insert Into lesson (room_id, instructor_id, session_id) Values (1, (SELECT id FROM instructor WHERE employee_id = '1'), 1);  
Insert Into lesson (room_id, instructor_id, session_id) Values (2, (SELECT id FROM instructor WHERE employee_id = '2'), 2);  
Insert Into lesson (room_id, instructor_id, session_id) Values (3, (SELECT id FROM instructor WHERE employee_id = '3'), 3);  
Insert Into lesson (room_id, instructor_id, session_id) Values (4, (SELECT id FROM instructor WHERE employee_id = '4'), 4);  
Insert Into lesson (room_id, instructor_id, session_id) Values (5, (SELECT id FROM instructor WHERE employee_id = '5'), 5);  
Insert Into lesson (room_id, instructor_id, session_id) Values (6, (SELECT id FROM instructor WHERE employee_id = '6'), 6);  
Insert Into lesson (room_id, instructor_id, session_id) Values (7, (SELECT id FROM instructor WHERE employee_id = '7'), 7);  
Insert Into lesson (room_id, instructor_id, session_id) Values (8, (SELECT id FROM instructor WHERE employee_id = '8'), 8);  
Insert Into lesson (room_id, instructor_id, session_id) Values (9, (SELECT id FROM instructor WHERE employee_id = '9'), 9);  
Insert Into lesson (room_id, instructor_id, session_id) Values (10, (SELECT id FROM instructor WHERE employee_id = '10'), 10);  
Insert Into lesson (room_id, instructor_id, session_id) Values (1, (SELECT id FROM instructor WHERE employee_id = '2'), 11);  
Insert Into lesson (room_id, instructor_id, session_id) Values (2, (SELECT id FROM instructor WHERE employee_id = '3'), 12);  
Insert Into lesson (room_id, instructor_id, session_id) Values (3, (SELECT id FROM instructor WHERE employee_id = '4'), 13);  
Insert Into lesson (room_id, instructor_id, session_id) Values (4, (SELECT id FROM instructor WHERE employee_id = '5'), 14);  
Insert Into lesson (room_id, instructor_id, session_id) Values (5, (SELECT id FROM instructor WHERE employee_id = '6'), 15);  
Insert Into lesson (room_id, instructor_id, session_id) Values (6, (SELECT id FROM instructor WHERE employee_id = '7'), 16);  
Insert Into lesson (room_id, instructor_id, session_id) Values (7, (SELECT id FROM instructor WHERE employee_id = '8'), 17);  
Insert Into lesson (room_id, instructor_id, session_id) Values (8, (SELECT id FROM instructor WHERE employee_id = '9'), 18);  
Insert Into lesson (room_id, instructor_id, session_id) Values (9, (SELECT id FROM instructor WHERE employee_id = '10'), 19);  
Insert Into lesson (room_id, instructor_id, session_id) Values (10, (SELECT id FROM instructor WHERE employee_id = '1'), 20);  
Insert Into lesson (room_id, instructor_id, session_id) Values (1, (SELECT id FROM instructor WHERE employee_id = '3'), 21);  
Insert Into lesson (room_id, instructor_id, session_id) Values (2, (SELECT id FROM instructor WHERE employee_id = '4'), 22);  
Insert Into lesson (room_id, instructor_id, session_id) Values (3, (SELECT id FROM instructor WHERE employee_id = '5'), 23);  
Insert Into lesson (room_id, instructor_id, session_id) Values (4, (SELECT id FROM instructor WHERE employee_id = '6'), 24);  
Insert Into lesson (room_id, instructor_id, session_id) Values (5, (SELECT id FROM instructor WHERE employee_id = '7'), 25);  

Insert Into lesson_type (type) Values ('individual');  
Insert Into lesson_type (type) Values ('group');  
Insert Into lesson_type (type) Values ('ensemble'); 

Insert Into lesson_fee (lesson_id, lesson_cost, skill_level_id, lesson_type_id) Values ((SELECT id FROM lesson WHERE session_id = '1'), 869, (SELECT id FROM skill_level WHERE skill = 'beginner'), (SELECT id FROM lesson_type WHERE type = 'individual'));  
Insert Into lesson_fee (lesson_id, lesson_cost, skill_level_id, lesson_type_id) Values ((SELECT id FROM lesson WHERE session_id = '2'), 507, (SELECT id FROM skill_level WHERE skill = 'intermediate'), (SELECT id FROM lesson_type WHERE type = 'individual'));  
Insert Into lesson_fee (lesson_id, lesson_cost, skill_level_id, lesson_type_id) Values ((SELECT id FROM lesson WHERE session_id = '3'), 842, (SELECT id FROM skill_level WHERE skill = 'advanced'), (SELECT id FROM lesson_type WHERE type = 'individual'));  
Insert Into lesson_fee (lesson_id, lesson_cost, skill_level_id, lesson_type_id) Values ((SELECT id FROM lesson WHERE session_id = '4'), 680, (SELECT id FROM skill_level WHERE skill = 'beginner'), (SELECT id FROM lesson_type WHERE type = 'individual'));  
Insert Into lesson_fee (lesson_id, lesson_cost, skill_level_id, lesson_type_id) Values ((SELECT id FROM lesson WHERE session_id = '5'), 501, (SELECT id FROM skill_level WHERE skill = 'intermediate'), (SELECT id FROM lesson_type WHERE type = 'individual'));  
Insert Into lesson_fee (lesson_id, lesson_cost, skill_level_id, lesson_type_id) Values ((SELECT id FROM lesson WHERE session_id = '6'), 16, (SELECT id FROM skill_level WHERE skill = 'advanced'), (SELECT id FROM lesson_type WHERE type = 'individual'));  
Insert Into lesson_fee (lesson_id, lesson_cost, skill_level_id, lesson_type_id) Values ((SELECT id FROM lesson WHERE session_id = '7'), 187, (SELECT id FROM skill_level WHERE skill = 'beginner'), (SELECT id FROM lesson_type WHERE type = 'individual'));  
Insert Into lesson_fee (lesson_id, lesson_cost, skill_level_id, lesson_type_id) Values ((SELECT id FROM lesson WHERE session_id = '8'), 191, (SELECT id FROM skill_level WHERE skill = 'intermediate'), (SELECT id FROM lesson_type WHERE type = 'group'));  
Insert Into lesson_fee (lesson_id, lesson_cost, skill_level_id, lesson_type_id) Values ((SELECT id FROM lesson WHERE session_id = '9'), 934, (SELECT id FROM skill_level WHERE skill = 'advanced'), (SELECT id FROM lesson_type WHERE type = 'group'));  
Insert Into lesson_fee (lesson_id, lesson_cost, skill_level_id, lesson_type_id) Values ((SELECT id FROM lesson WHERE session_id = '10'), 784, (SELECT id FROM skill_level WHERE skill = 'beginner'), (SELECT id FROM lesson_type WHERE type = 'group'));  
Insert Into lesson_fee (lesson_id, lesson_cost, skill_level_id, lesson_type_id) Values ((SELECT id FROM lesson WHERE session_id = '11'), 357, (SELECT id FROM skill_level WHERE skill = 'intermediate'), (SELECT id FROM lesson_type WHERE type = 'group'));  
Insert Into lesson_fee (lesson_id, lesson_cost, skill_level_id, lesson_type_id) Values ((SELECT id FROM lesson WHERE session_id = '12'), 959, (SELECT id FROM skill_level WHERE skill = 'advanced'), (SELECT id FROM lesson_type WHERE type = 'group'));  
Insert Into lesson_fee (lesson_id, lesson_cost, skill_level_id, lesson_type_id) Values ((SELECT id FROM lesson WHERE session_id = '13'), 49, (SELECT id FROM skill_level WHERE skill = 'beginner'), (SELECT id FROM lesson_type WHERE type = 'group'));  
Insert Into lesson_fee (lesson_id, lesson_cost, skill_level_id, lesson_type_id) Values ((SELECT id FROM lesson WHERE session_id = '14'), 994, (SELECT id FROM skill_level WHERE skill = 'intermediate'), (SELECT id FROM lesson_type WHERE type = 'group'));  
Insert Into lesson_fee (lesson_id, lesson_cost, skill_level_id, lesson_type_id) Values ((SELECT id FROM lesson WHERE session_id = '15'), 962, (SELECT id FROM skill_level WHERE skill = 'advanced'), (SELECT id FROM lesson_type WHERE type = 'group'));  
Insert Into lesson_fee (lesson_id, lesson_cost, skill_level_id, lesson_type_id) Values ((SELECT id FROM lesson WHERE session_id = '16'), 338, (SELECT id FROM skill_level WHERE skill = 'beginner'), (SELECT id FROM lesson_type WHERE type = 'group'));  
Insert Into lesson_fee (lesson_id, lesson_cost, skill_level_id, lesson_type_id) Values ((SELECT id FROM lesson WHERE session_id = '17'), 317, (SELECT id FROM skill_level WHERE skill = 'intermediate'), (SELECT id FROM lesson_type WHERE type = 'group'));  
Insert Into lesson_fee (lesson_id, lesson_cost, skill_level_id, lesson_type_id) Values ((SELECT id FROM lesson WHERE session_id = '18'), 500, (SELECT id FROM skill_level WHERE skill = 'advanced'), (SELECT id FROM lesson_type WHERE type = 'group'));  
Insert Into lesson_fee (lesson_id, lesson_cost, skill_level_id, lesson_type_id) Values ((SELECT id FROM lesson WHERE session_id = '19'), 861, (SELECT id FROM skill_level WHERE skill = 'beginner'), (SELECT id FROM lesson_type WHERE type = 'group'));  
Insert Into lesson_fee (lesson_id, lesson_cost, skill_level_id, lesson_type_id) Values ((SELECT id FROM lesson WHERE session_id = '20'), 674, (SELECT id FROM skill_level WHERE skill = 'intermediate'), (SELECT id FROM lesson_type WHERE type = 'ensemble'));  
Insert Into lesson_fee (lesson_id, lesson_cost, skill_level_id, lesson_type_id) Values ((SELECT id FROM lesson WHERE session_id = '21'), 695, (SELECT id FROM skill_level WHERE skill = 'advanced'), (SELECT id FROM lesson_type WHERE type = 'ensemble'));  
Insert Into lesson_fee (lesson_id, lesson_cost, skill_level_id, lesson_type_id) Values ((SELECT id FROM lesson WHERE session_id = '22'), 307, (SELECT id FROM skill_level WHERE skill = 'beginner'), (SELECT id FROM lesson_type WHERE type = 'ensemble'));  
Insert Into lesson_fee (lesson_id, lesson_cost, skill_level_id, lesson_type_id) Values ((SELECT id FROM lesson WHERE session_id = '23'), 100, (SELECT id FROM skill_level WHERE skill = 'intermediate'), (SELECT id FROM lesson_type WHERE type = 'ensemble'));  
Insert Into lesson_fee (lesson_id, lesson_cost, skill_level_id, lesson_type_id) Values ((SELECT id FROM lesson WHERE session_id = '24'), 637, (SELECT id FROM skill_level WHERE skill = 'advanced'), (SELECT id FROM lesson_type WHERE type = 'ensemble'));  
Insert Into lesson_fee (lesson_id, lesson_cost, skill_level_id, lesson_type_id) Values ((SELECT id FROM lesson WHERE session_id = '25'), 977, (SELECT id FROM skill_level WHERE skill = 'beginner'), (SELECT id FROM lesson_type WHERE type = 'ensemble'));  

Insert Into rent_instrument (rental_id, start_date, end_date, student_id) Values (1, '2024-04-15', '2024-12-19', (SELECT id FROM student WHERE student_id = '1'));  
Insert Into rent_instrument (rental_id, start_date, end_date, student_id) Values (2, '2024-05-17', '2024-11-17', (SELECT id FROM student WHERE student_id = '2'));  
Insert Into rent_instrument (rental_id, start_date, end_date, student_id) Values (3, '2024-02-23', '2024-08-19', (SELECT id FROM student WHERE student_id = '3'));  
Insert Into rent_instrument (rental_id, start_date, end_date, student_id) Values (4, '2024-04-11', '2024-10-20', (SELECT id FROM student WHERE student_id = '4'));  
Insert Into rent_instrument (rental_id, start_date, end_date, student_id) Values (5, '2024-02-08', '2024-10-17', (SELECT id FROM student WHERE student_id = '5'));  
Insert Into rent_instrument (rental_id, start_date, end_date, student_id) Values (6, '2024-02-15', '2024-12-21', (SELECT id FROM student WHERE student_id = '6'));  
Insert Into rent_instrument (rental_id, start_date, end_date, student_id) Values (7, '2024-03-12', '2024-06-21', (SELECT id FROM student WHERE student_id = '7'));  
Insert Into rent_instrument (rental_id, start_date, end_date, student_id) Values (8, '2024-01-07', '2024-07-13', (SELECT id FROM student WHERE student_id = '8'));  
Insert Into rent_instrument (rental_id, start_date, end_date, student_id) Values (9, '2024-04-27', '2024-07-12', (SELECT id FROM student WHERE student_id = '9'));  
Insert Into rent_instrument (rental_id, start_date, end_date, student_id) Values (10, '2024-03-02', '2024-08-27', (SELECT id FROM student WHERE student_id = '10'));  
Insert Into rent_instrument (rental_id, start_date, end_date, student_id) Values (11, '2024-05-31', '2024-11-22', (SELECT id FROM student WHERE student_id = '11'));  
Insert Into rent_instrument (rental_id, start_date, end_date, student_id) Values (12, '2024-04-20', '2024-07-18', (SELECT id FROM student WHERE student_id = '12'));  
Insert Into rent_instrument (rental_id, start_date, end_date, student_id) Values (13, '2024-02-23', '2024-12-12', (SELECT id FROM student WHERE student_id = '13'));  
Insert Into rent_instrument (rental_id, start_date, end_date, student_id) Values (14, '2024-05-03', '2024-12-19', (SELECT id FROM student WHERE student_id = '14'));  
Insert Into rent_instrument (rental_id, start_date, end_date, student_id) Values (15, '2024-01-23', '2024-06-06', (SELECT id FROM student WHERE student_id = '15'));  
Insert Into rent_instrument (rental_id, start_date, end_date, student_id) Values (16, '2024-05-31', '2024-06-28', (SELECT id FROM student WHERE student_id = '16'));  
Insert Into rent_instrument (rental_id, start_date, end_date, student_id) Values (17, '2024-03-09', '2024-12-29', (SELECT id FROM student WHERE student_id = '17'));  
Insert Into rent_instrument (rental_id, start_date, end_date, student_id) Values (18, '2024-01-14', '2024-09-16', (SELECT id FROM student WHERE student_id = '18'));  
Insert Into rent_instrument (rental_id, start_date, end_date, student_id) Values (19, '2024-05-27', '2024-06-14', (SELECT id FROM student WHERE student_id = '19'));  
Insert Into rent_instrument (rental_id, start_date, end_date, student_id) Values (20, '2024-05-29', '2024-10-15', (SELECT id FROM student WHERE student_id = '20'));  
Insert Into rent_instrument (rental_id, start_date, end_date, student_id) Values (21, '2024-01-10', '2024-10-05', (SELECT id FROM student WHERE student_id = '21'));  
Insert Into rent_instrument (rental_id, start_date, end_date, student_id) Values (22, '2024-03-12', '2024-12-11', (SELECT id FROM student WHERE student_id = '22'));  
Insert Into rent_instrument (rental_id, start_date, end_date, student_id) Values (23, '2024-02-04', '2024-07-30', (SELECT id FROM student WHERE student_id = '23'));  
Insert Into rent_instrument (rental_id, start_date, end_date, student_id) Values (24, '2024-02-18', '2024-10-13', (SELECT id FROM student WHERE student_id = '24'));  
Insert Into rent_instrument (rental_id, start_date, end_date, student_id) Values (25, '2024-02-16', '2024-07-11', (SELECT id FROM student WHERE student_id = '25'));  

Insert Into rental_fee (rent_instrument_id, rental_cost) Values ((SELECT id FROM rent_instrument WHERE rental_id = '1'), 9645);  
Insert Into rental_fee (rent_instrument_id, rental_cost) Values ((SELECT id FROM rent_instrument WHERE rental_id = '2'), 2006);  
Insert Into rental_fee (rent_instrument_id, rental_cost) Values ((SELECT id FROM rent_instrument WHERE rental_id = '3'), 3379);  
Insert Into rental_fee (rent_instrument_id, rental_cost) Values ((SELECT id FROM rent_instrument WHERE rental_id = '4'), 2327);  
Insert Into rental_fee (rent_instrument_id, rental_cost) Values ((SELECT id FROM rent_instrument WHERE rental_id = '5'), 7741);  
Insert Into rental_fee (rent_instrument_id, rental_cost) Values ((SELECT id FROM rent_instrument WHERE rental_id = '6'), 7597);  
Insert Into rental_fee (rent_instrument_id, rental_cost) Values ((SELECT id FROM rent_instrument WHERE rental_id = '7'), 1502);  
Insert Into rental_fee (rent_instrument_id, rental_cost) Values ((SELECT id FROM rent_instrument WHERE rental_id = '8'), 2314);  
Insert Into rental_fee (rent_instrument_id, rental_cost) Values ((SELECT id FROM rent_instrument WHERE rental_id = '9'), 4492);  
Insert Into rental_fee (rent_instrument_id, rental_cost) Values ((SELECT id FROM rent_instrument WHERE rental_id = '10'), 7003);  
Insert Into rental_fee (rent_instrument_id, rental_cost) Values ((SELECT id FROM rent_instrument WHERE rental_id = '11'), 6715);  
Insert Into rental_fee (rent_instrument_id, rental_cost) Values ((SELECT id FROM rent_instrument WHERE rental_id = '12'), 8265);  
Insert Into rental_fee (rent_instrument_id, rental_cost) Values ((SELECT id FROM rent_instrument WHERE rental_id = '13'), 366);  
Insert Into rental_fee (rent_instrument_id, rental_cost) Values ((SELECT id FROM rent_instrument WHERE rental_id = '14'), 4980);  
Insert Into rental_fee (rent_instrument_id, rental_cost) Values ((SELECT id FROM rent_instrument WHERE rental_id = '15'), 702);  
Insert Into rental_fee (rent_instrument_id, rental_cost) Values ((SELECT id FROM rent_instrument WHERE rental_id = '16'), 7816);  
Insert Into rental_fee (rent_instrument_id, rental_cost) Values ((SELECT id FROM rent_instrument WHERE rental_id = '17'), 6193);  
Insert Into rental_fee (rent_instrument_id, rental_cost) Values ((SELECT id FROM rent_instrument WHERE rental_id = '18'), 3047);  
Insert Into rental_fee (rent_instrument_id, rental_cost) Values ((SELECT id FROM rent_instrument WHERE rental_id = '19'), 7923);  
Insert Into rental_fee (rent_instrument_id, rental_cost) Values ((SELECT id FROM rent_instrument WHERE rental_id = '20'), 2367);  
Insert Into rental_fee (rent_instrument_id, rental_cost) Values ((SELECT id FROM rent_instrument WHERE rental_id = '21'), 3915);  
Insert Into rental_fee (rent_instrument_id, rental_cost) Values ((SELECT id FROM rent_instrument WHERE rental_id = '22'), 1067);  
Insert Into rental_fee (rent_instrument_id, rental_cost) Values ((SELECT id FROM rent_instrument WHERE rental_id = '23'), 3741);  
Insert Into rental_fee (rent_instrument_id, rental_cost) Values ((SELECT id FROM rent_instrument WHERE rental_id = '24'), 6363);  
Insert Into rental_fee (rent_instrument_id, rental_cost) Values ((SELECT id FROM rent_instrument WHERE rental_id = '25'), 1812);  

Insert Into sibling (sibling_id, student_id, person_id) Values (16, (SELECT id FROM student WHERE student_id = '1'), (SELECT id FROM person WHERE person_number = '200000000015'));  
Insert Into sibling (sibling_id, student_id, person_id) Values (17, (SELECT id FROM student WHERE student_id = '2'), (SELECT id FROM person WHERE person_number = '200000000016'));  
Insert Into sibling (sibling_id, student_id, person_id) Values (18, (SELECT id FROM student WHERE student_id = '3'), (SELECT id FROM person WHERE person_number = '200000000017'));  
Insert Into sibling (sibling_id, student_id, person_id) Values (19, (SELECT id FROM student WHERE student_id = '4'), (SELECT id FROM person WHERE person_number = '200000000018'));  
Insert Into sibling (sibling_id, student_id, person_id) Values (20, (SELECT id FROM student WHERE student_id = '5'), (SELECT id FROM person WHERE person_number = '200000000019'));  
Insert Into sibling (sibling_id, student_id, person_id) Values (21, (SELECT id FROM student WHERE student_id = '6'), (SELECT id FROM person WHERE person_number = '200000000020'));  
Insert Into sibling (sibling_id, student_id, person_id) Values (22, (SELECT id FROM student WHERE student_id = '7'), (SELECT id FROM person WHERE person_number = '200000000021'));  
Insert Into sibling (sibling_id, student_id, person_id) Values (23, (SELECT id FROM student WHERE student_id = '8'), (SELECT id FROM person WHERE person_number = '200000000022'));  
Insert Into sibling (sibling_id, student_id, person_id) Values (24, (SELECT id FROM student WHERE student_id = '9'), (SELECT id FROM person WHERE person_number = '200000000023'));  
Insert Into sibling (sibling_id, student_id, person_id) Values (25, (SELECT id FROM student WHERE student_id = '10'), (SELECT id FROM person WHERE person_number = '200000000024'));  
Insert Into sibling (sibling_id, student_id, person_id) Values (26, (SELECT id FROM student WHERE student_id = '11'), (SELECT id FROM person WHERE person_number = '200000000025'));  
Insert Into sibling (sibling_id, student_id, person_id) Values (27, (SELECT id FROM student WHERE student_id = '12'), (SELECT id FROM person WHERE person_number = '200000000026'));  
Insert Into sibling (sibling_id, student_id, person_id) Values (28, (SELECT id FROM student WHERE student_id = '13'), (SELECT id FROM person WHERE person_number = '200000000027'));  
Insert Into sibling (sibling_id, student_id, person_id) Values (29, (SELECT id FROM student WHERE student_id = '14'), (SELECT id FROM person WHERE person_number = '200000000028'));  
Insert Into sibling (sibling_id, student_id, person_id) Values (30, (SELECT id FROM student WHERE student_id = '15'), (SELECT id FROM person WHERE person_number = '200000000029'));  

Insert Into student_lesson (student_id, lesson_id) Values ((SELECT id FROM student WHERE student_id = '1'), (SELECT id FROM lesson WHERE session_id = '1'));  
Insert Into student_lesson (student_id, lesson_id) Values ((SELECT id FROM student WHERE student_id = '2'), (SELECT id FROM lesson WHERE session_id = '2'));  
Insert Into student_lesson (student_id, lesson_id) Values ((SELECT id FROM student WHERE student_id = '3'), (SELECT id FROM lesson WHERE session_id = '3'));  
Insert Into student_lesson (student_id, lesson_id) Values ((SELECT id FROM student WHERE student_id = '4'), (SELECT id FROM lesson WHERE session_id = '4'));  
Insert Into student_lesson (student_id, lesson_id) Values ((SELECT id FROM student WHERE student_id = '5'), (SELECT id FROM lesson WHERE session_id = '5'));  
Insert Into student_lesson (student_id, lesson_id) Values ((SELECT id FROM student WHERE student_id = '6'), (SELECT id FROM lesson WHERE session_id = '6'));  
Insert Into student_lesson (student_id, lesson_id) Values ((SELECT id FROM student WHERE student_id = '7'), (SELECT id FROM lesson WHERE session_id = '7'));  
Insert Into student_lesson (student_id, lesson_id) Values ((SELECT id FROM student WHERE student_id = '8'), (SELECT id FROM lesson WHERE session_id = '8'));  
Insert Into student_lesson (student_id, lesson_id) Values ((SELECT id FROM student WHERE student_id = '9'), (SELECT id FROM lesson WHERE session_id = '9'));  
Insert Into student_lesson (student_id, lesson_id) Values ((SELECT id FROM student WHERE student_id = '10'), (SELECT id FROM lesson WHERE session_id = '10'));  
Insert Into student_lesson (student_id, lesson_id) Values ((SELECT id FROM student WHERE student_id = '11'), (SELECT id FROM lesson WHERE session_id = '11'));  
Insert Into student_lesson (student_id, lesson_id) Values ((SELECT id FROM student WHERE student_id = '12'), (SELECT id FROM lesson WHERE session_id = '12'));  
Insert Into student_lesson (student_id, lesson_id) Values ((SELECT id FROM student WHERE student_id = '13'), (SELECT id FROM lesson WHERE session_id = '13'));  
Insert Into student_lesson (student_id, lesson_id) Values ((SELECT id FROM student WHERE student_id = '14'), (SELECT id FROM lesson WHERE session_id = '14'));  
Insert Into student_lesson (student_id, lesson_id) Values ((SELECT id FROM student WHERE student_id = '15'), (SELECT id FROM lesson WHERE session_id = '15'));  
Insert Into student_lesson (student_id, lesson_id) Values ((SELECT id FROM student WHERE student_id = '16'), (SELECT id FROM lesson WHERE session_id = '16'));  
Insert Into student_lesson (student_id, lesson_id) Values ((SELECT id FROM student WHERE student_id = '17'), (SELECT id FROM lesson WHERE session_id = '17'));  
Insert Into student_lesson (student_id, lesson_id) Values ((SELECT id FROM student WHERE student_id = '18'), (SELECT id FROM lesson WHERE session_id = '18'));  
Insert Into student_lesson (student_id, lesson_id) Values ((SELECT id FROM student WHERE student_id = '19'), (SELECT id FROM lesson WHERE session_id = '19'));  
Insert Into student_lesson (student_id, lesson_id) Values ((SELECT id FROM student WHERE student_id = '20'), (SELECT id FROM lesson WHERE session_id = '20'));  
Insert Into student_lesson (student_id, lesson_id) Values ((SELECT id FROM student WHERE student_id = '21'), (SELECT id FROM lesson WHERE session_id = '21'));  
Insert Into student_lesson (student_id, lesson_id) Values ((SELECT id FROM student WHERE student_id = '22'), (SELECT id FROM lesson WHERE session_id = '22'));  
Insert Into student_lesson (student_id, lesson_id) Values ((SELECT id FROM student WHERE student_id = '23'), (SELECT id FROM lesson WHERE session_id = '23'));  
Insert Into student_lesson (student_id, lesson_id) Values ((SELECT id FROM student WHERE student_id = '24'), (SELECT id FROM lesson WHERE session_id = '24'));  
Insert Into student_lesson (student_id, lesson_id) Values ((SELECT id FROM student WHERE student_id = '25'), (SELECT id FROM lesson WHERE session_id = '25'));  
Insert Into student_lesson (student_id, lesson_id) Values ((SELECT id FROM student WHERE student_id = '26'), (SELECT id FROM lesson WHERE session_id = '8'));  
Insert Into student_lesson (student_id, lesson_id) Values ((SELECT id FROM student WHERE student_id = '27'), (SELECT id FROM lesson WHERE session_id = '9'));  
Insert Into student_lesson (student_id, lesson_id) Values ((SELECT id FROM student WHERE student_id = '28'), (SELECT id FROM lesson WHERE session_id = '10'));  
Insert Into student_lesson (student_id, lesson_id) Values ((SELECT id FROM student WHERE student_id = '29'), (SELECT id FROM lesson WHERE session_id = '11'));  
Insert Into student_lesson (student_id, lesson_id) Values ((SELECT id FROM student WHERE student_id = '30'), (SELECT id FROM lesson WHERE session_id = '12'));  
Insert Into student_lesson (student_id, lesson_id) Values ((SELECT id FROM student WHERE student_id = '31'), (SELECT id FROM lesson WHERE session_id = '13'));  
Insert Into student_lesson (student_id, lesson_id) Values ((SELECT id FROM student WHERE student_id = '32'), (SELECT id FROM lesson WHERE session_id = '14'));  
Insert Into student_lesson (student_id, lesson_id) Values ((SELECT id FROM student WHERE student_id = '33'), (SELECT id FROM lesson WHERE session_id = '15'));  
Insert Into student_lesson (student_id, lesson_id) Values ((SELECT id FROM student WHERE student_id = '34'), (SELECT id FROM lesson WHERE session_id = '16'));  
Insert Into student_lesson (student_id, lesson_id) Values ((SELECT id FROM student WHERE student_id = '35'), (SELECT id FROM lesson WHERE session_id = '17'));  
Insert Into student_lesson (student_id, lesson_id) Values ((SELECT id FROM student WHERE student_id = '36'), (SELECT id FROM lesson WHERE session_id = '18'));  
Insert Into student_lesson (student_id, lesson_id) Values ((SELECT id FROM student WHERE student_id = '37'), (SELECT id FROM lesson WHERE session_id = '19'));  
Insert Into student_lesson (student_id, lesson_id) Values ((SELECT id FROM student WHERE student_id = '38'), (SELECT id FROM lesson WHERE session_id = '20'));  
Insert Into student_lesson (student_id, lesson_id) Values ((SELECT id FROM student WHERE student_id = '39'), (SELECT id FROM lesson WHERE session_id = '21'));  
Insert Into student_lesson (student_id, lesson_id) Values ((SELECT id FROM student WHERE student_id = '40'), (SELECT id FROM lesson WHERE session_id = '22'));  
Insert Into student_lesson (student_id, lesson_id) Values ((SELECT id FROM student WHERE student_id = '41'), (SELECT id FROM lesson WHERE session_id = '23'));  
Insert Into student_lesson (student_id, lesson_id) Values ((SELECT id FROM student WHERE student_id = '42'), (SELECT id FROM lesson WHERE session_id = '24'));  
Insert Into student_lesson (student_id, lesson_id) Values ((SELECT id FROM student WHERE student_id = '43'), (SELECT id FROM lesson WHERE session_id = '25'));  
Insert Into student_lesson (student_id, lesson_id) Values ((SELECT id FROM student WHERE student_id = '44'), (SELECT id FROM lesson WHERE session_id = '8'));  
Insert Into student_lesson (student_id, lesson_id) Values ((SELECT id FROM student WHERE student_id = '45'), (SELECT id FROM lesson WHERE session_id = '9'));  
Insert Into student_lesson (student_id, lesson_id) Values ((SELECT id FROM student WHERE student_id = '46'), (SELECT id FROM lesson WHERE session_id = '10'));  
Insert Into student_lesson (student_id, lesson_id) Values ((SELECT id FROM student WHERE student_id = '47'), (SELECT id FROM lesson WHERE session_id = '11'));  
Insert Into student_lesson (student_id, lesson_id) Values ((SELECT id FROM student WHERE student_id = '48'), (SELECT id FROM lesson WHERE session_id = '12'));  
Insert Into student_lesson (student_id, lesson_id) Values ((SELECT id FROM student WHERE student_id = '49'), (SELECT id FROM lesson WHERE session_id = '13'));  
Insert Into student_lesson (student_id, lesson_id) Values ((SELECT id FROM student WHERE student_id = '49'), (SELECT id FROM lesson WHERE session_id = '14'));  
Insert Into student_lesson (student_id, lesson_id) Values ((SELECT id FROM student WHERE student_id = '1'), (SELECT id FROM lesson WHERE session_id = '15'));  
Insert Into student_lesson (student_id, lesson_id) Values ((SELECT id FROM student WHERE student_id = '2'), (SELECT id FROM lesson WHERE session_id = '16'));  
Insert Into student_lesson (student_id, lesson_id) Values ((SELECT id FROM student WHERE student_id = '3'), (SELECT id FROM lesson WHERE session_id = '17'));  
Insert Into student_lesson (student_id, lesson_id) Values ((SELECT id FROM student WHERE student_id = '4'), (SELECT id FROM lesson WHERE session_id = '18'));  
Insert Into student_lesson (student_id, lesson_id) Values ((SELECT id FROM student WHERE student_id = '5'), (SELECT id FROM lesson WHERE session_id = '19'));  
Insert Into student_lesson (student_id, lesson_id) Values ((SELECT id FROM student WHERE student_id = '6'), (SELECT id FROM lesson WHERE session_id = '20'));  
Insert Into student_lesson (student_id, lesson_id) Values ((SELECT id FROM student WHERE student_id = '7'), (SELECT id FROM lesson WHERE session_id = '21'));  
Insert Into student_lesson (student_id, lesson_id) Values ((SELECT id FROM student WHERE student_id = '8'), (SELECT id FROM lesson WHERE session_id = '22'));  
Insert Into student_lesson (student_id, lesson_id) Values ((SELECT id FROM student WHERE student_id = '9'), (SELECT id FROM lesson WHERE session_id = '23'));  
Insert Into student_lesson (student_id, lesson_id) Values ((SELECT id FROM student WHERE student_id = '10'), (SELECT id FROM lesson WHERE session_id = '24'));  
Insert Into student_lesson (student_id, lesson_id) Values ((SELECT id FROM student WHERE student_id = '11'), (SELECT id FROM lesson WHERE session_id = '25'));  
Insert Into student_lesson (student_id, lesson_id) Values ((SELECT id FROM student WHERE student_id = '12'), (SELECT id FROM lesson WHERE session_id = '8'));  
Insert Into student_lesson (student_id, lesson_id) Values ((SELECT id FROM student WHERE student_id = '1'), (SELECT id FROM lesson WHERE session_id = '9'));  
Insert Into student_lesson (student_id, lesson_id) Values ((SELECT id FROM student WHERE student_id = '2'), (SELECT id FROM lesson WHERE session_id = '10'));  
Insert Into student_lesson (student_id, lesson_id) Values ((SELECT id FROM student WHERE student_id = '3'), (SELECT id FROM lesson WHERE session_id = '11'));  
Insert Into student_lesson (student_id, lesson_id) Values ((SELECT id FROM student WHERE student_id = '4'), (SELECT id FROM lesson WHERE session_id = '12'));  
Insert Into student_lesson (student_id, lesson_id) Values ((SELECT id FROM student WHERE student_id = '5'), (SELECT id FROM lesson WHERE session_id = '13'));  
Insert Into student_lesson (student_id, lesson_id) Values ((SELECT id FROM student WHERE student_id = '6'), (SELECT id FROM lesson WHERE session_id = '14'));  
Insert Into student_lesson (student_id, lesson_id) Values ((SELECT id FROM student WHERE student_id = '7'), (SELECT id FROM lesson WHERE session_id = '15'));  
Insert Into student_lesson (student_id, lesson_id) Values ((SELECT id FROM student WHERE student_id = '8'), (SELECT id FROM lesson WHERE session_id = '16'));  
Insert Into student_lesson (student_id, lesson_id) Values ((SELECT id FROM student WHERE student_id = '9'), (SELECT id FROM lesson WHERE session_id = '17'));  
Insert Into student_lesson (student_id, lesson_id) Values ((SELECT id FROM student WHERE student_id = '10'), (SELECT id FROM lesson WHERE session_id = '18'));  
Insert Into student_lesson (student_id, lesson_id) Values ((SELECT id FROM student WHERE student_id = '11'), (SELECT id FROM lesson WHERE session_id = '19'));  
Insert Into student_lesson (student_id, lesson_id) Values ((SELECT id FROM student WHERE student_id = '12'), (SELECT id FROM lesson WHERE session_id = '20'));  
Insert Into student_lesson (student_id, lesson_id) Values ((SELECT id FROM student WHERE student_id = '13'), (SELECT id FROM lesson WHERE session_id = '21'));  
Insert Into student_lesson (student_id, lesson_id) Values ((SELECT id FROM student WHERE student_id = '14'), (SELECT id FROM lesson WHERE session_id = '22'));  
Insert Into student_lesson (student_id, lesson_id) Values ((SELECT id FROM student WHERE student_id = '15'), (SELECT id FROM lesson WHERE session_id = '23'));  
Insert Into student_lesson (student_id, lesson_id) Values ((SELECT id FROM student WHERE student_id = '16'), (SELECT id FROM lesson WHERE session_id = '24'));  
Insert Into student_lesson (student_id, lesson_id) Values ((SELECT id FROM student WHERE student_id = '17'), (SELECT id FROM lesson WHERE session_id = '25'));  
Insert Into student_lesson (student_id, lesson_id) Values ((SELECT id FROM student WHERE student_id = '2'), (SELECT id FROM lesson WHERE session_id = '8'));  
Insert Into student_lesson (student_id, lesson_id) Values ((SELECT id FROM student WHERE student_id = '3'), (SELECT id FROM lesson WHERE session_id = '9'));  
Insert Into student_lesson (student_id, lesson_id) Values ((SELECT id FROM student WHERE student_id = '4'), (SELECT id FROM lesson WHERE session_id = '10'));  
Insert Into student_lesson (student_id, lesson_id) Values ((SELECT id FROM student WHERE student_id = '5'), (SELECT id FROM lesson WHERE session_id = '11'));  
Insert Into student_lesson (student_id, lesson_id) Values ((SELECT id FROM student WHERE student_id = '6'), (SELECT id FROM lesson WHERE session_id = '12'));  
Insert Into student_lesson (student_id, lesson_id) Values ((SELECT id FROM student WHERE student_id = '7'), (SELECT id FROM lesson WHERE session_id = '13'));  
Insert Into student_lesson (student_id, lesson_id) Values ((SELECT id FROM student WHERE student_id = '8'), (SELECT id FROM lesson WHERE session_id = '14'));  
Insert Into student_lesson (student_id, lesson_id) Values ((SELECT id FROM student WHERE student_id = '9'), (SELECT id FROM lesson WHERE session_id = '15'));  
Insert Into student_lesson (student_id, lesson_id) Values ((SELECT id FROM student WHERE student_id = '10'), (SELECT id FROM lesson WHERE session_id = '16'));  
Insert Into student_lesson (student_id, lesson_id) Values ((SELECT id FROM student WHERE student_id = '11'), (SELECT id FROM lesson WHERE session_id = '17'));  
Insert Into student_lesson (student_id, lesson_id) Values ((SELECT id FROM student WHERE student_id = '12'), (SELECT id FROM lesson WHERE session_id = '18'));  
Insert Into student_lesson (student_id, lesson_id) Values ((SELECT id FROM student WHERE student_id = '13'), (SELECT id FROM lesson WHERE session_id = '19'));  
Insert Into student_lesson (student_id, lesson_id) Values ((SELECT id FROM student WHERE student_id = '14'), (SELECT id FROM lesson WHERE session_id = '20'));  
Insert Into student_lesson (student_id, lesson_id) Values ((SELECT id FROM student WHERE student_id = '15'), (SELECT id FROM lesson WHERE session_id = '21'));  
Insert Into student_lesson (student_id, lesson_id) Values ((SELECT id FROM student WHERE student_id = '16'), (SELECT id FROM lesson WHERE session_id = '22'));  
Insert Into student_lesson (student_id, lesson_id) Values ((SELECT id FROM student WHERE student_id = '17'), (SELECT id FROM lesson WHERE session_id = '23'));  
Insert Into student_lesson (student_id, lesson_id) Values ((SELECT id FROM student WHERE student_id = '18'), (SELECT id FROM lesson WHERE session_id = '24'));  
Insert Into student_lesson (student_id, lesson_id) Values ((SELECT id FROM student WHERE student_id = '19'), (SELECT id FROM lesson WHERE session_id = '25'));  
Insert Into student_lesson (student_id, lesson_id) Values ((SELECT id FROM student WHERE student_id = '20'), (SELECT id FROM lesson WHERE session_id = '8'));  
Insert Into student_lesson (student_id, lesson_id) Values ((SELECT id FROM student WHERE student_id = '21'), (SELECT id FROM lesson WHERE session_id = '9'));  
Insert Into student_lesson (student_id, lesson_id) Values ((SELECT id FROM student WHERE student_id = '22'), (SELECT id FROM lesson WHERE session_id = '10'));  
Insert Into student_lesson (student_id, lesson_id) Values ((SELECT id FROM student WHERE student_id = '23'), (SELECT id FROM lesson WHERE session_id = '11'));  
Insert Into student_lesson (student_id, lesson_id) Values ((SELECT id FROM student WHERE student_id = '24'), (SELECT id FROM lesson WHERE session_id = '12'));  
Insert Into student_lesson (student_id, lesson_id) Values ((SELECT id FROM student WHERE student_id = '25'), (SELECT id FROM lesson WHERE session_id = '13'));  
Insert Into student_lesson (student_id, lesson_id) Values ((SELECT id FROM student WHERE student_id = '26'), (SELECT id FROM lesson WHERE session_id = '14'));  
Insert Into student_lesson (student_id, lesson_id) Values ((SELECT id FROM student WHERE student_id = '27'), (SELECT id FROM lesson WHERE session_id = '15'));  
Insert Into student_lesson (student_id, lesson_id) Values ((SELECT id FROM student WHERE student_id = '28'), (SELECT id FROM lesson WHERE session_id = '16'));  
Insert Into student_lesson (student_id, lesson_id) Values ((SELECT id FROM student WHERE student_id = '1'), (SELECT id FROM lesson WHERE session_id = '17'));  
Insert Into student_lesson (student_id, lesson_id) Values ((SELECT id FROM student WHERE student_id = '2'), (SELECT id FROM lesson WHERE session_id = '18'));  
Insert Into student_lesson (student_id, lesson_id) Values ((SELECT id FROM student WHERE student_id = '3'), (SELECT id FROM lesson WHERE session_id = '19'));  
Insert Into student_lesson (student_id, lesson_id) Values ((SELECT id FROM student WHERE student_id = '4'), (SELECT id FROM lesson WHERE session_id = '20'));  
Insert Into student_lesson (student_id, lesson_id) Values ((SELECT id FROM student WHERE student_id = '5'), (SELECT id FROM lesson WHERE session_id = '21'));  
Insert Into student_lesson (student_id, lesson_id) Values ((SELECT id FROM student WHERE student_id = '6'), (SELECT id FROM lesson WHERE session_id = '22'));  
Insert Into student_lesson (student_id, lesson_id) Values ((SELECT id FROM student WHERE student_id = '7'), (SELECT id FROM lesson WHERE session_id = '23'));  
Insert Into student_lesson (student_id, lesson_id) Values ((SELECT id FROM student WHERE student_id = '8'), (SELECT id FROM lesson WHERE session_id = '24'));  
Insert Into student_lesson (student_id, lesson_id) Values ((SELECT id FROM student WHERE student_id = '9'), (SELECT id FROM lesson WHERE session_id = '25'));  
Insert Into student_lesson (student_id, lesson_id) Values ((SELECT id FROM student WHERE student_id = '10'), (SELECT id FROM lesson WHERE session_id = '8'));  
Insert Into student_lesson (student_id, lesson_id) Values ((SELECT id FROM student WHERE student_id = '11'), (SELECT id FROM lesson WHERE session_id = '9'));  
Insert Into student_lesson (student_id, lesson_id) Values ((SELECT id FROM student WHERE student_id = '12'), (SELECT id FROM lesson WHERE session_id = '10'));  
Insert Into student_lesson (student_id, lesson_id) Values ((SELECT id FROM student WHERE student_id = '13'), (SELECT id FROM lesson WHERE session_id = '11'));  
Insert Into student_lesson (student_id, lesson_id) Values ((SELECT id FROM student WHERE student_id = '14'), (SELECT id FROM lesson WHERE session_id = '12'));  
Insert Into student_lesson (student_id, lesson_id) Values ((SELECT id FROM student WHERE student_id = '15'), (SELECT id FROM lesson WHERE session_id = '13'));  
Insert Into student_lesson (student_id, lesson_id) Values ((SELECT id FROM student WHERE student_id = '16'), (SELECT id FROM lesson WHERE session_id = '14'));  
Insert Into student_lesson (student_id, lesson_id) Values ((SELECT id FROM student WHERE student_id = '17'), (SELECT id FROM lesson WHERE session_id = '15'));  
Insert Into student_lesson (student_id, lesson_id) Values ((SELECT id FROM student WHERE student_id = '18'), (SELECT id FROM lesson WHERE session_id = '16'));  
Insert Into student_lesson (student_id, lesson_id) Values ((SELECT id FROM student WHERE student_id = '19'), (SELECT id FROM lesson WHERE session_id = '17'));  
Insert Into student_lesson (student_id, lesson_id) Values ((SELECT id FROM student WHERE student_id = '20'), (SELECT id FROM lesson WHERE session_id = '18'));  
Insert Into student_lesson (student_id, lesson_id) Values ((SELECT id FROM student WHERE student_id = '21'), (SELECT id FROM lesson WHERE session_id = '19'));  
Insert Into student_lesson (student_id, lesson_id) Values ((SELECT id FROM student WHERE student_id = '22'), (SELECT id FROM lesson WHERE session_id = '20'));  
Insert Into student_lesson (student_id, lesson_id) Values ((SELECT id FROM student WHERE student_id = '23'), (SELECT id FROM lesson WHERE session_id = '21'));  
Insert Into student_lesson (student_id, lesson_id) Values ((SELECT id FROM student WHERE student_id = '24'), (SELECT id FROM lesson WHERE session_id = '22'));  
Insert Into student_lesson (student_id, lesson_id) Values ((SELECT id FROM student WHERE student_id = '25'), (SELECT id FROM lesson WHERE session_id = '23'));  
Insert Into student_lesson (student_id, lesson_id) Values ((SELECT id FROM student WHERE student_id = '26'), (SELECT id FROM lesson WHERE session_id = '24'));  
Insert Into student_lesson (student_id, lesson_id) Values ((SELECT id FROM student WHERE student_id = '44'), (SELECT id FROM lesson WHERE session_id = '25'));  
Insert Into student_lesson (student_id, lesson_id) Values ((SELECT id FROM student WHERE student_id = '46'), (SELECT id FROM lesson WHERE session_id = '8'));  
Insert Into student_lesson (student_id, lesson_id) Values ((SELECT id FROM student WHERE student_id = '44'), (SELECT id FROM lesson WHERE session_id = '9'));  
Insert Into student_lesson (student_id, lesson_id) Values ((SELECT id FROM student WHERE student_id = '47'), (SELECT id FROM lesson WHERE session_id = '10'));  
Insert Into student_lesson (student_id, lesson_id) Values ((SELECT id FROM student WHERE student_id = '48'), (SELECT id FROM lesson WHERE session_id = '11'));  
Insert Into student_lesson (student_id, lesson_id) Values ((SELECT id FROM student WHERE student_id = '49'), (SELECT id FROM lesson WHERE session_id = '12'));  
Insert Into student_lesson (student_id, lesson_id) Values ((SELECT id FROM student WHERE student_id = '50'), (SELECT id FROM lesson WHERE session_id = '13'));  
Insert Into student_lesson (student_id, lesson_id) Values ((SELECT id FROM student WHERE student_id = '50'), (SELECT id FROM lesson WHERE session_id = '14'));  
Insert Into student_lesson (student_id, lesson_id) Values ((SELECT id FROM student WHERE student_id = '39'), (SELECT id FROM lesson WHERE session_id = '15'));  
Insert Into student_lesson (student_id, lesson_id) Values ((SELECT id FROM student WHERE student_id = '38'), (SELECT id FROM lesson WHERE session_id = '16'));  
Insert Into student_lesson (student_id, lesson_id) Values ((SELECT id FROM student WHERE student_id = '39'), (SELECT id FROM lesson WHERE session_id = '17'));  
Insert Into student_lesson (student_id, lesson_id) Values ((SELECT id FROM student WHERE student_id = '40'), (SELECT id FROM lesson WHERE session_id = '18'));  
Insert Into student_lesson (student_id, lesson_id) Values ((SELECT id FROM student WHERE student_id = '41'), (SELECT id FROM lesson WHERE session_id = '19'));  
Insert Into student_lesson (student_id, lesson_id) Values ((SELECT id FROM student WHERE student_id = '42'), (SELECT id FROM lesson WHERE session_id = '20'));  
Insert Into student_lesson (student_id, lesson_id) Values ((SELECT id FROM student WHERE student_id = '43'), (SELECT id FROM lesson WHERE session_id = '21'));  
Insert Into student_lesson (student_id, lesson_id) Values ((SELECT id FROM student WHERE student_id = '44'), (SELECT id FROM lesson WHERE session_id = '22'));  
Insert Into student_lesson (student_id, lesson_id) Values ((SELECT id FROM student WHERE student_id = '45'), (SELECT id FROM lesson WHERE session_id = '23'));  
Insert Into student_lesson (student_id, lesson_id) Values ((SELECT id FROM student WHERE student_id = '46'), (SELECT id FROM lesson WHERE session_id = '24'));  
Insert Into student_lesson (student_id, lesson_id) Values ((SELECT id FROM student WHERE student_id = '47'), (SELECT id FROM lesson WHERE session_id = '25'));  
Insert Into student_lesson (student_id, lesson_id) Values ((SELECT id FROM student WHERE student_id = '22'), (SELECT id FROM lesson WHERE session_id = '8'));  
Insert Into student_lesson (student_id, lesson_id) Values ((SELECT id FROM student WHERE student_id = '23'), (SELECT id FROM lesson WHERE session_id = '9'));  
Insert Into student_lesson (student_id, lesson_id) Values ((SELECT id FROM student WHERE student_id = '24'), (SELECT id FROM lesson WHERE session_id = '10'));  
Insert Into student_lesson (student_id, lesson_id) Values ((SELECT id FROM student WHERE student_id = '25'), (SELECT id FROM lesson WHERE session_id = '11'));  
Insert Into student_lesson (student_id, lesson_id) Values ((SELECT id FROM student WHERE student_id = '26'), (SELECT id FROM lesson WHERE session_id = '12'));  
Insert Into student_lesson (student_id, lesson_id) Values ((SELECT id FROM student WHERE student_id = '27'), (SELECT id FROM lesson WHERE session_id = '13'));  
Insert Into student_lesson (student_id, lesson_id) Values ((SELECT id FROM student WHERE student_id = '28'), (SELECT id FROM lesson WHERE session_id = '14'));  
Insert Into student_lesson (student_id, lesson_id) Values ((SELECT id FROM student WHERE student_id = '29'), (SELECT id FROM lesson WHERE session_id = '15'));  
Insert Into student_lesson (student_id, lesson_id) Values ((SELECT id FROM student WHERE student_id = '30'), (SELECT id FROM lesson WHERE session_id = '16'));  
Insert Into student_lesson (student_id, lesson_id) Values ((SELECT id FROM student WHERE student_id = '31'), (SELECT id FROM lesson WHERE session_id = '17'));  
Insert Into student_lesson (student_id, lesson_id) Values ((SELECT id FROM student WHERE student_id = '32'), (SELECT id FROM lesson WHERE session_id = '18'));  
Insert Into student_lesson (student_id, lesson_id) Values ((SELECT id FROM student WHERE student_id = '33'), (SELECT id FROM lesson WHERE session_id = '19'));  
Insert Into student_lesson (student_id, lesson_id) Values ((SELECT id FROM student WHERE student_id = '34'), (SELECT id FROM lesson WHERE session_id = '20'));  
Insert Into student_lesson (student_id, lesson_id) Values ((SELECT id FROM student WHERE student_id = '35'), (SELECT id FROM lesson WHERE session_id = '21'));  
Insert Into student_lesson (student_id, lesson_id) Values ((SELECT id FROM student WHERE student_id = '36'), (SELECT id FROM lesson WHERE session_id = '22'));  
Insert Into student_lesson (student_id, lesson_id) Values ((SELECT id FROM student WHERE student_id = '37'), (SELECT id FROM lesson WHERE session_id = '23'));  
Insert Into student_lesson (student_id, lesson_id) Values ((SELECT id FROM student WHERE student_id = '38'), (SELECT id FROM lesson WHERE session_id = '24'));  
Insert Into student_lesson (student_id, lesson_id) Values ((SELECT id FROM student WHERE student_id = '39'), (SELECT id FROM lesson WHERE session_id = '25'));  

Insert Into availability (instructor_id, time) Values ((SELECT id FROM instructor WHERE employee_id = '1'), '2024-01-07 12:01:00');  
Insert Into availability (instructor_id, time) Values ((SELECT id FROM instructor WHERE employee_id = '2'), '2024-01-08 13:01:00');  
Insert Into availability (instructor_id, time) Values ((SELECT id FROM instructor WHERE employee_id = '3'), '2024-01-04 11:45:00');  
Insert Into availability (instructor_id, time) Values ((SELECT id FROM instructor WHERE employee_id = '4'), '2024-01-03 15:15:00');  
Insert Into availability (instructor_id, time) Values ((SELECT id FROM instructor WHERE employee_id = '5'), '2024-01-07 08:45:00');  
Insert Into availability (instructor_id, time) Values ((SELECT id FROM instructor WHERE employee_id = '6'), '2024-01-10 06:00:00');  
Insert Into availability (instructor_id, time) Values ((SELECT id FROM instructor WHERE employee_id = '7'), '2024-01-17 11:00:00');  
Insert Into availability (instructor_id, time) Values ((SELECT id FROM instructor WHERE employee_id = '8'), '2024-01-01 06:15:00');  
Insert Into availability (instructor_id, time) Values ((SELECT id FROM instructor WHERE employee_id = '9'), '2024-01-03 14:45:00');  
Insert Into availability (instructor_id, time) Values ((SELECT id FROM instructor WHERE employee_id = '10'), '2024-01-27 15:35:00');  

Insert Into ensemble (lesson_id, genre_id, max_num_of_students, min_num_of_students) Values ((SELECT id FROM lesson WHERE session_id = '21'), (SELECT id FROM genre WHERE name = 'jazz'), 17, 3);  
Insert Into ensemble (lesson_id, genre_id, max_num_of_students, min_num_of_students) Values ((SELECT id FROM lesson WHERE session_id = '22'), (SELECT id FROM genre WHERE name = 'rock'), 30, 2);  
Insert Into ensemble (lesson_id, genre_id, max_num_of_students, min_num_of_students) Values ((SELECT id FROM lesson WHERE session_id = '23'), (SELECT id FROM genre WHERE name = 'jazz'), 30, 4);  
Insert Into ensemble (lesson_id, genre_id, max_num_of_students, min_num_of_students) Values ((SELECT id FROM lesson WHERE session_id = '24'), (SELECT id FROM genre WHERE name = 'jazz'), 14, 2);  
Insert Into ensemble (lesson_id, genre_id, max_num_of_students, min_num_of_students) Values ((SELECT id FROM lesson WHERE session_id = '25'), (SELECT id FROM genre WHERE name = 'blues'), 14, 4); 

Insert Into group_lesson (lesson_id, instrument_type_id, no_of_places, min_num_of_students, skill_level_id) Values ((SELECT id FROM lesson WHERE session_id = '8'), (SELECT id FROM instrument_type WHERE type = 'piano'), 20, 2, (SELECT id FROM skill_level WHERE skill = 'beginner'));  
Insert Into group_lesson (lesson_id, instrument_type_id, no_of_places, min_num_of_students, skill_level_id) Values ((SELECT id FROM lesson WHERE session_id = '9'), (SELECT id FROM instrument_type WHERE type = 'trumpet'), 10, 2, (SELECT id FROM skill_level WHERE skill = 'advanced'));  
Insert Into group_lesson (lesson_id, instrument_type_id, no_of_places, min_num_of_students, skill_level_id) Values ((SELECT id FROM lesson WHERE session_id = '10'), (SELECT id FROM instrument_type WHERE type = 'guitar'), 25, 4, (SELECT id FROM skill_level WHERE skill = 'intermediate'));  
Insert Into group_lesson (lesson_id, instrument_type_id, no_of_places, min_num_of_students, skill_level_id) Values ((SELECT id FROM lesson WHERE session_id = '11'), (SELECT id FROM instrument_type WHERE type = 'guitar'), 13, 2, (SELECT id FROM skill_level WHERE skill = 'intermediate'));  
Insert Into group_lesson (lesson_id, instrument_type_id, no_of_places, min_num_of_students, skill_level_id) Values ((SELECT id FROM lesson WHERE session_id = '12'), (SELECT id FROM instrument_type WHERE type = 'guitar'), 16, 2, (SELECT id FROM skill_level WHERE skill = 'intermediate'));  
Insert Into group_lesson (lesson_id, instrument_type_id, no_of_places, min_num_of_students, skill_level_id) Values ((SELECT id FROM lesson WHERE session_id = '13'), (SELECT id FROM instrument_type WHERE type = 'trumpet'), 25, 3, (SELECT id FROM skill_level WHERE skill = 'intermediate'));  
Insert Into group_lesson (lesson_id, instrument_type_id, no_of_places, min_num_of_students, skill_level_id) Values ((SELECT id FROM lesson WHERE session_id = '14'), (SELECT id FROM instrument_type WHERE type = 'piano'), 24, 2, (SELECT id FROM skill_level WHERE skill = 'advanced'));  
Insert Into group_lesson (lesson_id, instrument_type_id, no_of_places, min_num_of_students, skill_level_id) Values ((SELECT id FROM lesson WHERE session_id = '15'), (SELECT id FROM instrument_type WHERE type = 'guitar'), 8, 2, (SELECT id FROM skill_level WHERE skill = 'intermediate'));  
Insert Into group_lesson (lesson_id, instrument_type_id, no_of_places, min_num_of_students, skill_level_id) Values ((SELECT id FROM lesson WHERE session_id = '16'), (SELECT id FROM instrument_type WHERE type = 'trumpet'), 5, 3, (SELECT id FROM skill_level WHERE skill = 'beginner'));  
Insert Into group_lesson (lesson_id, instrument_type_id, no_of_places, min_num_of_students, skill_level_id) Values ((SELECT id FROM lesson WHERE session_id = '17'), (SELECT id FROM instrument_type WHERE type = 'piano'), 13, 2, (SELECT id FROM skill_level WHERE skill = 'beginner'));  
Insert Into group_lesson (lesson_id, instrument_type_id, no_of_places, min_num_of_students, skill_level_id) Values ((SELECT id FROM lesson WHERE session_id = '18'), (SELECT id FROM instrument_type WHERE type = 'piano'), 16, 3, (SELECT id FROM skill_level WHERE skill = 'intermediate'));  
Insert Into group_lesson (lesson_id, instrument_type_id, no_of_places, min_num_of_students, skill_level_id) Values ((SELECT id FROM lesson WHERE session_id = '19'), (SELECT id FROM instrument_type WHERE type = 'trumpet'), 4, 2, (SELECT id FROM skill_level WHERE skill = 'intermediate'));  
Insert Into group_lesson (lesson_id, instrument_type_id, no_of_places, min_num_of_students, skill_level_id) Values ((SELECT id FROM lesson WHERE session_id = '20'), (SELECT id FROM instrument_type WHERE type = 'guitar'), 21, 3, (SELECT id FROM skill_level WHERE skill = 'intermediate'));  

Insert Into individual_lesson (lesson_id, instrument_type_id, time, skill_level_id) Values ((SELECT id FROM lesson WHERE session_id = '1'), (SELECT id FROM instrument_type WHERE type = 'piano'), '2024-01-03 10:00:00', (SELECT id FROM skill_level WHERE skill = 'advanced'));  
Insert Into individual_lesson (lesson_id, instrument_type_id, time, skill_level_id) Values ((SELECT id FROM lesson WHERE session_id = '2'), (SELECT id FROM instrument_type WHERE type = 'trumpet'), '2024-01-02 15:35:00', (SELECT id FROM skill_level WHERE skill = 'intermediate'));  
Insert Into individual_lesson (lesson_id, instrument_type_id, time, skill_level_id) Values ((SELECT id FROM lesson WHERE session_id = '3'), (SELECT id FROM instrument_type WHERE type = 'piano'), '2024-01-05 14:45:00', (SELECT id FROM skill_level WHERE skill = 'beginner'));  
Insert Into individual_lesson (lesson_id, instrument_type_id, time, skill_level_id) Values ((SELECT id FROM lesson WHERE session_id = '4'), (SELECT id FROM instrument_type WHERE type = 'guitar'), '2024-01-04 12:00:00', (SELECT id FROM skill_level WHERE skill = 'advanced'));  
Insert Into individual_lesson (lesson_id, instrument_type_id, time, skill_level_id) Values ((SELECT id FROM lesson WHERE session_id = '5'), (SELECT id FROM instrument_type WHERE type = 'trumpet'), '2024-01-02 11:35:00', (SELECT id FROM skill_level WHERE skill = 'intermediate'));  
Insert Into individual_lesson (lesson_id, instrument_type_id, time, skill_level_id) Values ((SELECT id FROM lesson WHERE session_id = '6'), (SELECT id FROM instrument_type WHERE type = 'guitar'), '2024-01-04 07:45:00', (SELECT id FROM skill_level WHERE skill = 'beginner'));  
Insert Into individual_lesson (lesson_id, instrument_type_id, time, skill_level_id) Values ((SELECT id FROM lesson WHERE session_id = '7'), (SELECT id FROM instrument_type WHERE type = 'piano'), '2024-01-08 08:15:00', (SELECT id FROM skill_level WHERE skill = 'advanced'));  

Insert Into instrument (rent_instrument_id, instrument_id, instrument_type_id, brand_id, quantity_in_stock) Values ((SELECT id FROM rent_instrument WHERE rental_id = '1'), 1, (SELECT id FROM instrument_type WHERE type = 'trumpet'), (SELECT id FROM brand WHERE name = 'roland'), 3);  
Insert Into instrument (rent_instrument_id, instrument_id, instrument_type_id, brand_id, quantity_in_stock) Values ((SELECT id FROM rent_instrument WHERE rental_id = '2'), 2, (SELECT id FROM instrument_type WHERE type = 'trumpet'), (SELECT id FROM brand WHERE name = 'fender'), 20);  
Insert Into instrument (rent_instrument_id, instrument_id, instrument_type_id, brand_id, quantity_in_stock) Values ((SELECT id FROM rent_instrument WHERE rental_id = '3'), 3, (SELECT id FROM instrument_type WHERE type = 'trumpet'), (SELECT id FROM brand WHERE name = 'roland'), 10);  
Insert Into instrument (rent_instrument_id, instrument_id, instrument_type_id, brand_id, quantity_in_stock) Values ((SELECT id FROM rent_instrument WHERE rental_id = '4'), 4, (SELECT id FROM instrument_type WHERE type = 'piano'), (SELECT id FROM brand WHERE name = 'steinway'), 5);  
Insert Into instrument (rent_instrument_id, instrument_id, instrument_type_id, brand_id, quantity_in_stock) Values ((SELECT id FROM rent_instrument WHERE rental_id = '5'), 5, (SELECT id FROM instrument_type WHERE type = 'guitar'), (SELECT id FROM brand WHERE name = 'fender'), 13);  
Insert Into instrument (rent_instrument_id, instrument_id, instrument_type_id, brand_id, quantity_in_stock) Values ((SELECT id FROM rent_instrument WHERE rental_id = '6'), 6, (SELECT id FROM instrument_type WHERE type = 'guitar'), (SELECT id FROM brand WHERE name = 'fender'), 17);  
Insert Into instrument (rent_instrument_id, instrument_id, instrument_type_id, brand_id, quantity_in_stock) Values ((SELECT id FROM rent_instrument WHERE rental_id = '7'), 7, (SELECT id FROM instrument_type WHERE type = 'piano'), (SELECT id FROM brand WHERE name = 'roland'), 5);  
Insert Into instrument (rent_instrument_id, instrument_id, instrument_type_id, brand_id, quantity_in_stock) Values ((SELECT id FROM rent_instrument WHERE rental_id = '8'), 8, (SELECT id FROM instrument_type WHERE type = 'piano'), (SELECT id FROM brand WHERE name = 'roland'), 4);  
Insert Into instrument (rent_instrument_id, instrument_id, instrument_type_id, brand_id, quantity_in_stock) Values ((SELECT id FROM rent_instrument WHERE rental_id = '9'), 9, (SELECT id FROM instrument_type WHERE type = 'trumpet'), (SELECT id FROM brand WHERE name = 'gibson'), 7);  
Insert Into instrument (rent_instrument_id, instrument_id, instrument_type_id, brand_id, quantity_in_stock) Values ((SELECT id FROM rent_instrument WHERE rental_id = '10'), 10, (SELECT id FROM instrument_type WHERE type = 'guitar'), (SELECT id FROM brand WHERE name = 'roland'), 20);  
Insert Into instrument (rent_instrument_id, instrument_id, instrument_type_id, brand_id, quantity_in_stock) Values ((SELECT id FROM rent_instrument WHERE rental_id = '11'), 11, (SELECT id FROM instrument_type WHERE type = 'guitar'), (SELECT id FROM brand WHERE name = 'roland'), 2);  
Insert Into instrument (rent_instrument_id, instrument_id, instrument_type_id, brand_id, quantity_in_stock) Values ((SELECT id FROM rent_instrument WHERE rental_id = '12'), 12, (SELECT id FROM instrument_type WHERE type = 'guitar'), (SELECT id FROM brand WHERE name = 'yamaha'), 9);  
Insert Into instrument (rent_instrument_id, instrument_id, instrument_type_id, brand_id, quantity_in_stock) Values ((SELECT id FROM rent_instrument WHERE rental_id = '13'), 13, (SELECT id FROM instrument_type WHERE type = 'piano'), (SELECT id FROM brand WHERE name = 'roland'), 2);  
Insert Into instrument (rent_instrument_id, instrument_id, instrument_type_id, brand_id, quantity_in_stock) Values ((SELECT id FROM rent_instrument WHERE rental_id = '14'), 14, (SELECT id FROM instrument_type WHERE type = 'piano'), (SELECT id FROM brand WHERE name = 'roland'), 16);  
Insert Into instrument (rent_instrument_id, instrument_id, instrument_type_id, brand_id, quantity_in_stock) Values ((SELECT id FROM rent_instrument WHERE rental_id = '15'), 15, (SELECT id FROM instrument_type WHERE type = 'trumpet'), (SELECT id FROM brand WHERE name = 'gibson'), 9);  
Insert Into instrument (rent_instrument_id, instrument_id, instrument_type_id, brand_id, quantity_in_stock) Values ((SELECT id FROM rent_instrument WHERE rental_id = '16'), 16, (SELECT id FROM instrument_type WHERE type = 'piano'), (SELECT id FROM brand WHERE name = 'steinway'), 0);  
Insert Into instrument (rent_instrument_id, instrument_id, instrument_type_id, brand_id, quantity_in_stock) Values ((SELECT id FROM rent_instrument WHERE rental_id = '17'), 17, (SELECT id FROM instrument_type WHERE type = 'trumpet'), (SELECT id FROM brand WHERE name = 'gibson'), 1);  
Insert Into instrument (rent_instrument_id, instrument_id, instrument_type_id, brand_id, quantity_in_stock) Values ((SELECT id FROM rent_instrument WHERE rental_id = '18'), 18, (SELECT id FROM instrument_type WHERE type = 'guitar'), (SELECT id FROM brand WHERE name = 'yamaha'), 10);  
Insert Into instrument (rent_instrument_id, instrument_id, instrument_type_id, brand_id, quantity_in_stock) Values ((SELECT id FROM rent_instrument WHERE rental_id = '19'), 19, (SELECT id FROM instrument_type WHERE type = 'piano'), (SELECT id FROM brand WHERE name = 'steinway'), 5);  
Insert Into instrument (rent_instrument_id, instrument_id, instrument_type_id, brand_id, quantity_in_stock) Values ((SELECT id FROM rent_instrument WHERE rental_id = '20'), 20, (SELECT id FROM instrument_type WHERE type = 'piano'), (SELECT id FROM brand WHERE name = 'roland'), 14);  
Insert Into instrument (rent_instrument_id, instrument_id, instrument_type_id, brand_id, quantity_in_stock) Values ((SELECT id FROM rent_instrument WHERE rental_id = '21'), 21, (SELECT id FROM instrument_type WHERE type = 'trumpet'), (SELECT id FROM brand WHERE name = 'yamaha'), 18);  
Insert Into instrument (rent_instrument_id, instrument_id, instrument_type_id, brand_id, quantity_in_stock) Values ((SELECT id FROM rent_instrument WHERE rental_id = '22'), 22, (SELECT id FROM instrument_type WHERE type = 'piano'), (SELECT id FROM brand WHERE name = 'yamaha'), 3);  
Insert Into instrument (rent_instrument_id, instrument_id, instrument_type_id, brand_id, quantity_in_stock) Values ((SELECT id FROM rent_instrument WHERE rental_id = '23'), 23, (SELECT id FROM instrument_type WHERE type = 'piano'), (SELECT id FROM brand WHERE name = 'steinway'), 6);  
Insert Into instrument (rent_instrument_id, instrument_id, instrument_type_id, brand_id, quantity_in_stock) Values ((SELECT id FROM rent_instrument WHERE rental_id = '24'), 24, (SELECT id FROM instrument_type WHERE type = 'piano'), (SELECT id FROM brand WHERE name = 'roland'), 6);  
Insert Into instrument (rent_instrument_id, instrument_id, instrument_type_id, brand_id, quantity_in_stock) Values ((SELECT id FROM rent_instrument WHERE rental_id = '25'), 25, (SELECT id FROM instrument_type WHERE type = 'piano'), (SELECT id FROM brand WHERE name = 'gibson'), 8);  

Insert Into time_slot (lesson_id, start_time, end_time) Values ((SELECT id FROM lesson WHERE session_id = '8'), '2024-01-07 06:00:00', '2024-01-07 07:00:00');  
Insert Into time_slot (lesson_id, start_time, end_time) Values ((SELECT id FROM lesson WHERE session_id = '9'), '2024-01-08 07:00:00', '2024-01-08 08:00:00');  
Insert Into time_slot (lesson_id, start_time, end_time) Values ((SELECT id FROM lesson WHERE session_id = '10'), '2024-01-09 08:00:00', '2024-01-09 09:00:00');  
Insert Into time_slot (lesson_id, start_time, end_time) Values ((SELECT id FROM lesson WHERE session_id = '11'), '2024-01-10 09:00:00', '2024-01-10 10:00:00');  
Insert Into time_slot (lesson_id, start_time, end_time) Values ((SELECT id FROM lesson WHERE session_id = '12'), '2024-01-11 10:00:00', '2024-01-11 11:00:00');  
Insert Into time_slot (lesson_id, start_time, end_time) Values ((SELECT id FROM lesson WHERE session_id = '13'), '2024-01-12 11:45:00', '2024-01-12 12:45:00');  
Insert Into time_slot (lesson_id, start_time, end_time) Values ((SELECT id FROM lesson WHERE session_id = '14'), '2024-01-13 12:45:00', '2024-01-13 13:35:00');  
Insert Into time_slot (lesson_id, start_time, end_time) Values ((SELECT id FROM lesson WHERE session_id = '15'), '2024-01-14 13:45:00', '2024-01-14 14:35:00');  
Insert Into time_slot (lesson_id, start_time, end_time) Values ((SELECT id FROM lesson WHERE session_id = '16'), '2024-01-15 14:45:00', '2024-01-15 15:45:00');  
Insert Into time_slot (lesson_id, start_time, end_time) Values ((SELECT id FROM lesson WHERE session_id = '17'), '2024-01-16 15:45:00', '2024-01-16 16:55:00');  
Insert Into time_slot (lesson_id, start_time, end_time) Values ((SELECT id FROM lesson WHERE session_id = '18'), '2024-01-17 16:30:00', '2024-01-17 17:00:00');  
Insert Into time_slot (lesson_id, start_time, end_time) Values ((SELECT id FROM lesson WHERE session_id = '19'), '2024-01-18 08:30:00', '2024-01-18 09:35:00');  
Insert Into time_slot (lesson_id, start_time, end_time) Values ((SELECT id FROM lesson WHERE session_id = '20'), '2024-01-19 09:30:00', '2024-01-19 10:45:00');  
Insert Into time_slot (lesson_id, start_time, end_time) Values ((SELECT id FROM lesson WHERE session_id = '21'), '2024-01-20 10:30:00', '2024-01-20 11:25:00');  
Insert Into time_slot (lesson_id, start_time, end_time) Values ((SELECT id FROM lesson WHERE session_id = '22'), '2024-01-21 11:30:00', '2024-01-21 12:40:00');  
Insert Into time_slot (lesson_id, start_time, end_time) Values ((SELECT id FROM lesson WHERE session_id = '23'), '2024-01-22 12:00:00', '2024-01-22 13:30:00');  
Insert Into time_slot (lesson_id, start_time, end_time) Values ((SELECT id FROM lesson WHERE session_id = '24'), '2024-01-23 13:00:00', '2024-01-23 14:55:00');  
Insert Into time_slot (lesson_id, start_time, end_time) Values ((SELECT id FROM lesson WHERE session_id = '25'), '2024-01-24 14:00:00', '2024-01-24 15:00:00');  



